recomendacao_destinatario_sigla,recomendacao_destinatario_nome
ANAC,AGENCIA NACIONAL DE AVIACAO CIVIL
FRETAX,FRETAX TAXI AEREO
SERIPAS,"SERIPA I, II, III, IV, V, VI E VII"
SERIPA-2,SEGUNDO SERVICO REGIONAL DE INVESTIGACAO E PREVENCAO DE ACIDENTES AERONAUTICOS
SERIPA-3,TERCEIRO SERVICO REGIONAL DE INVESTIGACAO E PREVENCAO DE ACIDENTES AERONAUTICOS
SERIPA-4,QUARTO SERVICO REGIONAL DE INVESTIGACAO E PREVENCAO DE ACIDENTES AERONAUTICOS
SERIPA-7,SETIMO SERVICO REGIONAL DE INVESTIGACAO E PREVENCAO DE ACIDENTES AERONAUTICOS
SERIPA-6,SEXTO SERVICO REGIONAL DE INVESTIGACAO E PREVENCAO DE ACIDENTES AERONAUTICOS
SERIPA-5,QUINTO SERVICO REGIONAL DE INVESTIGACAO E PREVENCAO DE ACIDENTES AERONAUTICOS
SERIPA-1,PRIMEIRO SERVICO REGIONAL DE INVESTIGACAO E PREVENCAO DE ACIDENTES AERONAUTICOS
INFRAERO,EMPRESA BRASILEIRA DE INFRAESTRUTURA AEROPORTUARIA
TAPERA,AGROPECUARIA TAPERA
SINDAG,SINDICATO NACIONAL DAS EMPRESAS DE AVIACAO AGRICOLA
CEARA,CEARA TAXI AEREO LTDA
GOV-ES,GOVERNO DO ESTADO DO ESPIRITO SANTO
SCM-ES,SECRETARIA DA CASA MILITAR DO ESTADO DO ESPIRITO SANTO
ABAETE,AERO TAXI ABAETE
GAIVOTA_MAN,GAIVOTA PECAS E MNT
STILUS,STILUS TAXI AEREO LTDA
DECEA,DEPARTAMENTO DE CONTROLE DE ESPACO AEREO
GOL,GOL LINHAS AEREAS INTELIGENTES
ASAS_DO_SOCORRO,OFICINA ASAS DO SOCORRO
DIVERSOS-Y,AEROCLUBES E ESCOLAS DE AVIACAO
ABAG,ASSOCIACAO BRASILEIRA DE AVIACAO GERAL
APPA,ASSOCIACAO DE PILOTOS E PROPRIETARIOS DE AERONAVES
TAM,TAM LINHAS AEREAS
AIRBUS,AIRBUS COMPANY
CENIPA,CENTRO DE INVESTIGACAO E PREVENCAO DE ACIDENTES AERONAUTICOS
DIVERSOS-Z,EMPRESAS QUE OPERAM EM CONGONHAS
RBHA_121,EMPRESAS RBHA 121
OACI,ORGANIZACAO INTERNACIONAL DE AVIACAO CIVIL (ICAO)
SRPV-SP,SERVICO REGIONAL DE PROTECAO AO VOO DE SAO PAULO
PANTANAL,PANTANAL LINHAS AEREAS
BRA,BRA LINHAS AEREAS
OCEANAIR,OCEANAIR LINHAS AEREAS
VARIG,VIACAO AEREA RIO GRANDENSE
RIOAR,RIOAR PROPAGANDA AEREA
ROLLS-ROYCE,ROLLS & ROYCE CORPORATION
CB-DF,CORPO DE BOMBEIROS MILITAR DO DF
SOURE,SOURE TAXI AEREO LTDA
OFICINAS_SERIPA-1,OFICINAS DE MANUTENCAO NA AREA SERIPA I
FAA,FEDERAL AVIATION ADMINISTRATION
ABRAPHE,ASSOCIACAO BRASILEIRA DE PILOTOS DE HELICOPTEROS
JATOBASSO,AGROPASTORIL JATOBASSO LTDA
ANEEL,AGENCIA NACIONAL DE ENERGIA ELETRICA
AEROC-GO,AEROCLUBE DE GOIAS
EASA,EUROPEAN AVIATION SAFETY AGENCY
DNA-AR,DIRECCION NACIONAL DE AERONAVEGABILIDAD (DNA) DA REPUBLICA ARGENTINA
LAVIA,LAVIA ARGENTINA S.A.
AFA,ACADEMIA DA FORCA AEREA
DUMON,DUMON TAXI AEREO
PETROBRAS,EMPRESA BRASILEIRA DE PETROLEO
BHS,BHS HELICOPTEROS
AEROLEO,AEROLEO TAXI AEREO
SIPAEREX,SERVICO DE INVESTIGACAO E PREVENCAO DE ACIDENTES AERONAUTICOS DO EXERCITO BRASILEIRO
PAMA-AF,PARQUE DE MATERIAL AERONAUTICO DOS AFONSOS
SIPAERM,SERVICO DE INVESTIGACAO E PREVENCAO DE ACIDENTES AERONAUTICOS DA MARINHA DO BRASIL
3/8o_GAV,TERCEIRO DO OITAVO GRUPO DE AVIACAO
GTE,GRUPO DE TRANSPORTES ESPECIAIS
HELIBRAS,EMPRESA BRASILEIRA DE HELICOPTEROS
ANP,"AGENCIA NACIONAL DO PETROLEO, GAS NATURAL E BIOCOMBUSTIVEIS"
SHELL,SHELL COMBUSTIVEIS
DIVERSOS-L,OPERADORES ANVS CIRRUS SR20 E SR22
DTCEA-CF,DESTACAMENTO DE CONTROLE DO ESPACO AEREO DE CONFINS
CINDACTA-1,PRIMEIRO CENTRO INTEGRADO DE DEFESA AEREA E CONTROLE DE TRAFEGO AEREO
HELISUL,HELISUL TAXI AEREO
RICO_LINHAS_AEREAS,RICO
PREF-COARI,PREFEITURA DE COARI
AEROC-NVH,AEROCLUBE DE NOVO HAMBURGO
AMTRANS,AM TRANSPORTES
WEISS,WEISS TAXI AEREO LTDA
AEROC-AM,AEROCLUBE DO AMAZONAS
GOLDENFLY,GOLDEN FLY ESCOLA DE PILOTAGEM
ORTIZ,ORTIZ TAXI AEREO LTDA
ICARAI,ICARAI TAXI AEREO LTDA
AEROC,TODOS AEROCLUBES
FACET,FACET AEROSPACE PRODUCTS COMPANY
SBAN,ADMINISTRACAO DO AERODROMO DE ANAPOLIS
AEROMOT,AEROMOT INDUSTRIA MECANICO METALURGICA LTDA
DETRAN-DF,DEPARTAMENTO DE TRANSITO DO DISTRITO FEDERAL
LIDERSIGN,LIDER SIGNATURE
NOVA_MUTUM-AG,AERO AGRICOLA NOVA MUTUM LTDA
AEROC_MONT,AEROCLUBE DE MONTENEGRO
MANAUS,MANAUS AEROTAXI LTDA
PRATT_&_WHITNEY,PRATT & WHITNEY CANADENSE
EXTREME,EXTREME DEMONSTRACOES AEREAS
AEROCAMP,AEROCAMP COMERCIO E SERVICOS AERONAUTICOS
ABAAC,ASSOCIACAO BRASILEIRA DE AERONAVES ANTIGAS E CLASSICAS
NORDESTE-TPX,NORDESTE TAXI AEREO DE HELICOPTEROS
DIVERSOS-J,OPERADOR DA AERONAVE
MOTORMEC,OFICINA MOTORMEC
EMBRAER,EMPRESA BRASILEIRA DE AERONAUTICA
CINDACTA-3,TERCEIRO CENTRO INTEGRADO DE DEFESA AEREA E CONTROLE DE TRAFEGO AEREO
AEROC-PMI,AEROCLUBE DE PARA DE MINAS
PREF-TRINDADE,PREFEITURA MUNICIPAL DE TRINDADE
DAESP,DAESP - DEPARTAMENTO AEROVIARIO DO ESTADO DE SAO PAULO
COMAR-2,SEGUNDO COMANDO AEREO REGIONAL
PREF-NANUQUE,PREFEITURA MUNICIPAL DE NANUQUE
D.COSTA,DOMINGOS COSTA INDUSTRIAS ALIMENTICIAS
AEROC-CAN,AEROCLUBE DE CANELA
EJ,EJ ESCOLA DE AERONAUTICA CIVIL
HERINGER,HERINGER TAXI AEREO LTDA
AEROC-STS,AEROCLUBE DE SANTA CRUZ DO SUL
LIDER,LIDER TAXI AEREO
LMC,AVIACAO AGRICOLA LMC
AEROC-SC,AEROCLUBE DE SANTA CATARINA
NOVA,NOVA AERONAUTICA LTDA
PREF-MORTUGABA,PREFEITURA MUNICIPAL DE MORTUGABA
SDS-AL,SECRETARIA DE DEFESA SOCIAL DO ESTADO DE ALAGOAS
SENASP,SECRETARIA NACIONAL DE SEGURANCA PUBLICA
AEROLIDER,AEROLIDER AVIACAO AGRICOLA
TAF,TAF LINHAS AEREAS
VILLELA,VILLELA AGRO AEREA
SERAGRI,SERAGRI SERVICO AEROAGRICOLA LTDA
PAMPEANA,PAMPEANA AEROAGRICOLA
BRASAG,BRASIL SERVICOS AERO AGRICOLA
ESCOLAS_SAE-AG,ESCOLAS AEROAGRICOLAS
PREF-CANUTAMA,PREFEITURA MUNICIPAL DE CANUTAMA-AM
AXIAL,OFICINA AXIAL AVIACAO
FLEX,FLEX AERO TAXI-AEREO
GE_CELMA,GE CELMA
MINAS_TPR,MINAS LINHAS AEREAS
PREF-UIRAMUTA,PREFEITURA MUNICIPAL DE UIRAMUTA
AVIANCA,AVIANCA LINHAS AEREAS
JM,JM TAXI AEREO
BRAS_FLIGHT,BRAS FLIGHT-ESCOLA BRASILEIRA DE AVIACAO CIVIL
AEROC-PNA,AEROCLUBE DE PORTO NACIONAL
CEMAL,CENTRO DE MEDICINA AEROESPACIAL
AEROSAFRA,AEROSAFRA AVIACAO AGRICOLA
IBAMA,INSTITUTO BRASILEIRO DO MEIO AMBIENTE E DOS RECURSOS NATURAIS RENOVAVEIS
PM-SC,POLICIA MILITAR DE SANTA CATARINA
IMEMBUY,COOPERATIVA AGRICOLA IMEMBUY LTDA
NACIONAL_ESC,NACIONAL ESCOLA DE PILOTAGEM
AEROC-BRG,AEROCLUBE DE BRAGANCA PAULISTA
AEROC-PTG,AEROCLUBE DE PONTA GROSSA
VILA_VELHA,AGRO AEREA VILA VELHA
DPRF,DEPARTAMENTO DE POLICIA RODOVIARIA FEDERAL
OCEANAIR-TPX,OCEANAIR TAXI AEREO
PIQUIATUBA,PIQUIATUBA TAXI AEREO
SANTOS_DUMONT,AERO AGRICOLA SANTOS DUMONT
STARCRAFT,STARCRAFT MANUTENCAO DE AERONAVES
AEROC-SJC,AEROCLUBE DE SAO JOSE DOS CAMPOS
AEROC-VRN,AEROCLUBE DE VERANOPOLIS
META_OFC,OFICINA META LINHAS AEREAS
BIRIGUI_MAN,BIRIGUI MANUTENCAO DE AERONAVES
JOTAN,JOTAN TAXI AEREO
TEMA,TEMA TECNOLOGIA MANUTENCAO DE AERONAVES
TASP,TAXI AEREO SUL DO PARA
BSA,BRASIL SERVICO AEROAGRICOLA
COPSERV,COP SERVICOS AEREOS ESPECIALIZADOS
PLANAVE,PLANAVE AVIACAO
ST-PI,SECRETARIA DE TRANSPORTES DO GOVERNO DO ESTADO DO PIAUI
PASSAREDO,PASSAREDO LINHAS AEREAS
MOSTARDAS,EMPRESA MOSTARDAS AVIACAO AGRICOLA E MANUTENCAO
RAMOS_OFC,OFICINA RAMOS MANUTENCAO DE AERONAVES
GOIAS_OFC,OFICINA GOIAS MANUTENCAO DE AERONAVES
MONACO,MONACO MOTOCENTER COMERCIAL
DIVERSOS-AB,PROPRIETARIO DA AERONAVE
DTCEA-SV,DESTACAMENTO DE CONTROLE DO ESPACO AEREO DE SALVADOR
AMAZONAVES,AMAZONAVES TAXI AEREO
LET,LET AIRCRAFT INDUSTRIES
GE_AVIATION,GE AVIATION CZECH
NHT,NHT LINHAS AEREAS
NOAR,NOAR LINHAS AEREAS
SOL,SOL LINHAS AEREAS
TEAM,TEAM LINHAS AEREAS
SI-CE,SECRETARIA DE INFRAESTRUTURA DO GOVERNO DO ESTADO DO CEARA
LYCOMING,LYCOMING ENGINES
SSP-GO,SECRETARIA DE SEGURANCA PUBLICA DO ESTADO DE GOIAS
CNP,CENTRO NACIONAL DE PARAQUEDISMO
SAC,SECRETARIA DE AVIACAO CIVIL
DINACIA,DIRECCION NACIONAL DE AVIACION CIVIL E INFRAESTRUCTURA AERONAUTICA DO URUGUAI
DIRSA,DIRETORIA DE SAUDE DA AERONAUTICA
AEROPREST,AEROPREST COMERCIO DE DERIVADOS DE PETROLEO LTDA
MB,DIRETORIA DE PORTOS E COSTA DA MARINHA DO BRASIL
COMGAP,COMGAP
GABAER,GABAER
COMPREP,COMPREP
