codigo_fator,fator_nome,fator_aspecto,fator_condicionante,fator_area
1,ANSIEDADE,ASPECTO MÉDICO,NULL,FATOR HUMANO
2,APLICAÇÃO DE COMANDOS,DESEMPENHO DO SER HUMANO,OPERAÇÃO DA AERONAVE,FATOR OPERACIONAL
3,ATENÇÃO,ASPECTO PSICOLÓGICO,INDIVIDUAL,FATOR HUMANO
4,ATITUDE,ASPECTO PSICOLÓGICO,INDIVIDUAL,FATOR HUMANO
5,CAPACITAÇÃO E TREINAMENTO,ASPECTO PSICOLÓGICO,ORGANIZACIONAL,FATOR HUMANO
6,CARACTERÍSTICAS DA TAREFA,ASPECTO PSICOLÓGICO,ORGANIZACIONAL,FATOR HUMANO
7,CLIMA ORGANIZACIONAL,ASPECTO PSICOLÓGICO,ORGANIZACIONAL,FATOR HUMANO
8,COMUNICAÇÃO,ASPECTO PSICOLÓGICO,PSICOSSOCIAL,FATOR HUMANO
9,CONDIÇÕES FÍSICAS DO TRABALHO,ERGONOMIA,NULL,FATOR HUMANO
10,CONDIÇÕES METEOROLÓGICAS ADVERSAS,ELEMENTOS RELACIONADOS AO AMBIENTE OPERACIONAL,NULL,FATOR OPERACIONAL
11,CONHECIMENTO DE NORMAS (ATS),DESEMPENHO DO SER HUMANO,PRESTAÇÃO DE SERVIÇOS DE TRÁFEGO AÉREO,FATOR OPERACIONAL
12,COORDENAÇÃO DE CABINE,DESEMPENHO DO SER HUMANO,OPERAÇÃO DA AERONAVE,FATOR OPERACIONAL
13,COORDENAÇÃO DE TRÁFEGO (ATS),DESEMPENHO DO SER HUMANO,PRESTAÇÃO DE SERVIÇOS DE TRÁFEGO AÉREO,FATOR OPERACIONAL
14,CULTURA DO GRUPO DE TRABALHO,ASPECTO PSICOLÓGICO,PSICOSSOCIAL,FATOR HUMANO
15,CULTURA ORGANIZACIONAL,ASPECTO PSICOLÓGICO,ORGANIZACIONAL,FATOR HUMANO
16,DESORIENTAÇÃO,ASPECTO MÉDICO,NULL,FATOR HUMANO
17,DESVIO DE NAVEGAÇÃO,DESEMPENHO DO SER HUMANO,OPERAÇÃO DA AERONAVE,FATOR OPERACIONAL
18,DIETA INADEQUADA,ASPECTO MÉDICO,NULL,FATOR HUMANO
19,DINÂMICA DE EQUIPE,ASPECTO PSICOLÓGICO,PSICOSSOCIAL,FATOR HUMANO
20,DOR,ASPECTO MÉDICO,NULL,FATOR HUMANO
21,EMPREGO DE MEIOS (ATS),DESEMPENHO DO SER HUMANO,PRESTAÇÃO DE SERVIÇOS DE TRÁFEGO AÉREO,FATOR OPERACIONAL
22,ENFERMIDADE,ASPECTO MÉDICO,NULL,FATOR HUMANO
23,EQUIPAMENTO - CARACTERÍSTICAS ERGONÔMICAS,ERGONOMIA,NULL,FATOR HUMANO
24,EQUIPAMENTO DE APOIO (ATS),INFRAESTRUTURA DE TRÁFEGO AÉREO,NULL,FATOR OPERACIONAL
25,ESQUECIMENTO DO PILOTO,DESEMPENHO DO SER HUMANO,OPERAÇÃO DA AERONAVE,FATOR OPERACIONAL
26,ESTADO EMOCIONAL,ASPECTO PSICOLÓGICO,INDIVIDUAL,FATOR HUMANO
27,FABRICAÇÃO,ASPECTO DE FABRICAÇÃO,NULL,FATOR MATERIAL
28,FADIGA,ASPECTO MÉDICO,NULL,FATOR HUMANO
29,FRASEOLOGIA DA TRIPULAÇÃO,DESEMPENHO DO SER HUMANO,OPERAÇÃO DA AERONAVE,FATOR OPERACIONAL
30,FRASEOLOGIA DO ÓRGÃO ATS,DESEMPENHO DO SER HUMANO,PRESTAÇÃO DE SERVIÇOS DE TRÁFEGO AÉREO,FATOR OPERACIONAL
31,HABILIDADE DE CONTROLE (ATS),DESEMPENHO DO SER HUMANO,PRESTAÇÃO DE SERVIÇOS DE TRÁFEGO AÉREO,FATOR OPERACIONAL
32,HIPÓXIA,ASPECTO MÉDICO,NULL,FATOR HUMANO
33,ILUSÕES VISUAIS,ASPECTO MÉDICO,NULL,FATOR HUMANO
34,INCONSCIÊNCIA,ASPECTO MÉDICO,NULL,FATOR HUMANO
35,INDISCIPLINA DE VOO,DESEMPENHO DO SER HUMANO,OPERAÇÃO DA AERONAVE,FATOR OPERACIONAL
36,INDÍCIOS DE ESTRESSE,ASPECTO PSICOLÓGICO,INDIVIDUAL,FATOR HUMANO
37,INFLUÊNCIA DO MEIO AMBIENTE,OUTRO,NULL,OUTRO
38,INFLUÊNCIAS EXTERNAS,ASPECTO PSICOLÓGICO,PSICOSSOCIAL,FATOR HUMANO
39,INFRAESTRUTURA AEROPORTUÁRIA,INFRAESTRUTURA AEROPORTUÁRIA,NULL,FATOR OPERACIONAL
40,INSTRUÇÃO,DESEMPENHO DO SER HUMANO,OPERAÇÃO DA AERONAVE,FATOR OPERACIONAL
41,INSÔNIA,ASPECTO MÉDICO,NULL,FATOR HUMANO
42,INTOXICAÇÃO ALIMENTAR,ASPECTO MÉDICO,NULL,FATOR HUMANO
43,JULGAMENTO DE PILOTAGEM,DESEMPENHO DO SER HUMANO,OPERAÇÃO DA AERONAVE,FATOR OPERACIONAL
44,LIDERANÇA,ASPECTO PSICOLÓGICO,PSICOSSOCIAL,FATOR HUMANO
45,LIMITE DE AUTORIZAÇÃO,DESEMPENHO DO SER HUMANO,OPERAÇÃO DA AERONAVE,FATOR OPERACIONAL
46,MANUSEIO DO MATERIAL,ASPECTO DE MANUSEIO DO MATERIAL,NULL,FATOR MATERIAL
47,MANUTENÇÃO DA AERONAVE,DESEMPENHO DO SER HUMANO,MANUTENÇÃO DA AERONAVE,FATOR OPERACIONAL
48,MEMÓRIA,ASPECTO PSICOLÓGICO,INDIVIDUAL,FATOR HUMANO
49,MOTIVAÇÃO,ASPECTO PSICOLÓGICO,INDIVIDUAL,FATOR HUMANO
50,OBESIDADE,ASPECTO MÉDICO,NULL,FATOR HUMANO
51,ORGANIZAÇÃO DO TRABALHO,ASPECTO PSICOLÓGICO,ORGANIZACIONAL,FATOR HUMANO
52,OUTRO FATOR,OUTRO,NULL,OUTRO
53,PERCEPÇÃO,ASPECTO PSICOLÓGICO,INDIVIDUAL,FATOR HUMANO
54,PESSOAL DE APOIO,DESEMPENHO DO SER HUMANO,OPERAÇÃO DA AERONAVE,FATOR OPERACIONAL
55,PLANEJAMENTO DE TRÁFEGO (ATS),DESEMPENHO DO SER HUMANO,PRESTAÇÃO DE SERVIÇOS DE TRÁFEGO AÉREO,FATOR OPERACIONAL
56,PLANEJAMENTO DE VOO,DESEMPENHO DO SER HUMANO,OPERAÇÃO DA AERONAVE,FATOR OPERACIONAL
57,PLANEJAMENTO GERENCIAL,DESEMPENHO DO SER HUMANO,OPERAÇÃO DA AERONAVE,FATOR OPERACIONAL
58,POUCA EXPERIÊNCIA DO PILOTO,DESEMPENHO DO SER HUMANO,OPERAÇÃO DA AERONAVE,FATOR OPERACIONAL
59,PRESENÇA DE AVE,ELEMENTOS RELACIONADOS AO AMBIENTE OPERACIONAL,NULL,FATOR OPERACIONAL
60,PRESENÇA DE FAUNA (NÃO AVE),ELEMENTOS RELACIONADOS AO AMBIENTE OPERACIONAL,NULL,FATOR OPERACIONAL
61,PROCESSO DECISÓRIO,ASPECTO PSICOLÓGICO,INDIVIDUAL,FATOR HUMANO
62,PROCESSOS ORGANIZACIONAIS,ASPECTO PSICOLÓGICO,ORGANIZACIONAL,FATOR HUMANO
63,PROJETO,ASPECTO DE PROJETO,NULL,FATOR MATERIAL
64,PUBLICAÇÕES (ATS),INFRAESTRUTURA DE TRÁFEGO AÉREO,NULL,FATOR OPERACIONAL
65,RELAÇÕES INTERPESSOAIS,ASPECTO PSICOLÓGICO,PSICOSSOCIAL,FATOR HUMANO
66,SISTEMAS DE APOIO,ASPECTO PSICOLÓGICO,ORGANIZACIONAL,FATOR HUMANO
67,SOBRECARGA DE TAREFAS,ASPECTO MÉDICO,NULL,FATOR HUMANO
68,SUBSTITUIÇÃO NA POSIÇÃO (ATS),DESEMPENHO DO SER HUMANO,PRESTAÇÃO DE SERVIÇOS DE TRÁFEGO AÉREO,FATOR OPERACIONAL
69,SUPERVISÃO (ATS),DESEMPENHO DO SER HUMANO,PRESTAÇÃO DE SERVIÇOS DE TRÁFEGO AÉREO,FATOR OPERACIONAL
70,SUPERVISÃO GERENCIAL,DESEMPENHO DO SER HUMANO,OPERAÇÃO DA AERONAVE,FATOR OPERACIONAL
71,USO DE MEDICAMENTO,ASPECTO MÉDICO,NULL,FATOR HUMANO
72,USO ILÍCITO DE DROGAS,ASPECTO MÉDICO,NULL,FATOR HUMANO
73,VESTIMENTA INADEQUADA,ERGONOMIA,NULL,FATOR HUMANO
74,ÁLCOOL,ASPECTO MÉDICO,NULL,FATOR HUMANO
