codigo_fator,codigo_ocorrencia
43,28256
54,28256
56,28256
70,28256
10,28335
35,28335
43,28335
56,28335
2,28355
35,28355
70,28355
39,28375
43,28375
52,28375
35,28377
52,28377
70,28377
2,28379
4,28379
35,28379
43,28379
47,28379
56,28379
70,28379
2,28395
35,28395
56,28395
70,28395
43,28437
52,28437
56,28437
28,28455
43,28455
47,28455
49,28455
57,28455
70,28455
25,28475
47,28475
70,28475
2,28575
25,28575
40,28575
2,28617
15,28617
43,28617
52,28617
56,28617
66,28617
70,28617
43,28636
52,28636
39,28735
43,28735
56,28735
58,28735
2,28775
35,28775
43,28775
47,28775
56,28775
70,28775
2,28795
43,28795
2,28815
4,28815
43,28815
56,28815
61,28815
10,28915
12,28915
15,28915
28,28915
35,28915
37,28915
40,28915
43,28915
52,28915
56,28915
61,28915
70,28915
4,28935
10,28935
12,28935
25,28935
35,28935
43,28935
56,28935
61,28935
70,28935
54,28955
56,28955
62,28955
70,28955
43,29095
47,29095
70,29095
25,29159
70,29159
10,29161
12,29161
40,29161
43,29161
56,29161
43,29175
47,29175
54,29175
57,29175
70,29175
2,29195
12,29195
40,29195
52,29195
58,29195
70,29195
43,29215
47,29215
52,29215
70,29215
4,29216
5,29216
40,29216
43,29216
56,29216
58,29216
43,29218
56,29218
70,29218
3,29255
4,29255
5,29255
10,29255
43,29255
58,29255
2,29535
37,29535
43,29535
56,29535
70,29535
2,29555
12,29555
40,29555
43,29555
52,29555
57,29555
58,29555
70,29555
5,29618
14,29618
15,29618
39,29618
40,29618
43,29618
47,29618
51,29618
56,29618
70,29618
2,29655
10,29655
43,29655
61,29655
37,29735
37,29736
56,29736
58,29736
43,29796
56,29796
4,29855
35,29855
37,29855
43,29855
49,29855
56,29855
61,29855
70,29855
2,29858
35,29858
39,29858
43,29858
52,29858
56,29858
70,29858
1,29859
2,29859
5,29859
7,29859
12,29859
20,29859
25,29859
36,29859
35,29859
37,29859
40,29859
43,29859
53,29859
56,29859
57,29859
58,29859
63,29859
66,29859
70,29859
2,29860
10,29860
39,29860
40,29860
25,29861
43,29861
54,29861
70,29861
33,29915
39,29915
35,29918
43,29918
58,29918
4,29936
10,29936
35,29936
56,29936
61,29936
70,29936
2,29955
12,29955
43,29955
52,29955
2,29995
10,29995
12,29995
40,29995
43,29995
56,29995
58,29995
47,30036
70,30036
2,30037
43,30037
2,30040
39,30040
40,30040
43,30040
54,30040
56,30040
70,30040
2,30041
12,30041
25,30041
40,30041
52,30041
70,30041
2,30044
25,30044
40,30044
43,30044
47,30044
35,30045
43,30045
56,30045
70,30045
27,30075
46,30075
47,30075
63,30075
52,30179
2,30180
34,30180
53,30180
4,30181
5,30181
8,30181
15,30181
19,30181
40,30181
56,30181
62,30181
70,30181
2,30316
4,30316
5,30316
10,30316
12,30316
14,30316
15,30316
16,30316
26,30316
28,30316
35,30316
43,30316
48,30316
49,30316
51,30316
53,30316
57,30316
62,30316
70,30316
4,30417
35,30417
43,30417
56,30417
47,30475
52,30475
70,30475
2,30535
3,30535
4,30535
10,30535
40,30535
43,30535
56,30535
62,30535
70,30535
35,30555
43,30555
52,30555
56,30555
43,30556
63,30556
70,30556
2,30595
4,30595
12,30595
14,30595
63,30595
70,30595
2,30636
40,30636
43,30636
56,30636
70,30636
2,30640
12,30640
40,30640
43,30640
56,30640
70,30640
4,30655
10,30655
35,30655
43,30655
61,30655
2,30658
40,30658
47,30658
52,30658
47,30677
56,30677
70,30677
43,30681
47,30896
39,31038
56,31038
70,31038
2,31077
2,31078
4,31078
12,31078
19,31078
28,31078
40,31078
43,31078
51,31078
53,31078
58,31078
63,31078
2,31079
37,31079
43,31079
56,31079
2,31080
25,31080
35,31080
40,31080
43,31080
14,31081
43,31081
63,31081
4,31128
35,31128
40,31128
43,31128
56,31128
58,31128
61,31128
2,31129
3,31129
4,31129
5,31129
40,31129
43,31129
56,31129
58,31129
2,31197
43,31197
56,31197
58,31197
47,31275
70,31275
15,31276
35,31276
40,31276
43,31276
61,31276
62,31276
70,31276
2,31277
40,31277
43,31277
52,31277
56,31277
12,31278
25,31278
58,31278
63,31278
70,31278
2,31335
43,31335
47,31335
58,31335
4,31377
10,31377
15,31377
39,31377
43,31377
61,31377
62,31377
70,31377
10,31379
33,31379
40,31379
43,31379
47,31379
53,31379
56,31379
63,31379
4,31395
6,31395
10,31395
14,31395
54,31395
14,31396
43,31396
63,31396
2,31415
12,31415
35,31415
40,31415
43,31415
56,31415
58,31415
70,31415
47,31455
2,31456
43,31456
58,31456
4,31475
35,31475
39,31475
43,31475
56,31475
61,31475
2,31595
4,31595
25,31595
35,31595
39,31595
51,31595
57,31595
62,31595
70,31595
47,31675
52,31675
56,31675
58,31675
70,31675
4,31676
43,31676
53,31676
54,31676
56,31676
65,31676
10,31715
40,31715
47,31715
63,31715
70,31715
2,31855
3,31855
4,31855
5,31855
8,31855
10,31855
12,31855
15,31855
16,31855
19,31855
33,31855
37,31855
40,31855
43,31855
47,31855
51,31855
52,31855
53,31855
61,31855
62,31855
66,31855
70,31855
10,31856
56,31856
35,31857
40,31857
47,31857
52,31857
27,31858
47,31858
3,31861
37,31861
53,31861
74,31863
2,31863
4,31863
5,31863
43,31863
15,31864
40,31864
52,31864
53,31864
54,31864
56,31864
70,31864
43,31865
56,31865
70,31865
2,31866
43,31866
52,31866
2,31867
4,31867
35,31867
52,31867
2,31868
12,31868
40,31868
43,31868
12,31869
35,31869
40,31869
43,31869
10,31871
43,31871
52,31871
56,31871
2,31875
10,31875
39,31875
58,31875
47,31975
47,31995
3,32035
14,32035
43,32035
43,32036
52,32055
56,32055
15,32076
25,32076
28,32076
37,32076
53,32076
67,32076
70,32076
47,32155
54,32155
66,32155
70,32155
2,32156
47,32156
57,32156
70,32156
10,32195
43,32195
52,32195
56,32195
70,32195
3,32196
4,32196
57,32196
61,32196
43,32284
56,32284
58,32284
62,32284
70,32284
2,32355
10,32355
12,32355
15,32355
16,32355
35,32355
43,32355
49,32355
70,32355
14,32375
43,32375
47,32375
63,32375
2,32376
10,32376
43,32376
56,32376
2,32377
4,32377
5,32377
12,32377
19,32377
25,32377
35,32377
39,32377
40,32377
43,32377
47,32377
54,32377
56,32377
61,32377
70,32377
4,32379
7,32379
10,32379
12,32379
16,32379
25,32379
35,32379
37,32379
39,32379
43,32379
51,32379
57,32379
61,32379
3,32478
39,32478
48,32478
54,32478
43,32615
47,32615
63,32615
70,32615
12,32641
43,32641
47,32641
40,32642
47,32642
52,32642
70,32642
2,32655
35,32655
39,32655
40,32655
43,32655
58,32655
70,32655
2,32675
56,32675
58,32675
10,32676
12,32676
16,32676
43,32676
49,32676
52,32676
58,32676
70,32676
15,32916
35,32916
39,32916
43,32916
52,32916
56,32916
70,32916
47,33024
70,33024
12,33035
40,33035
43,33035
47,33035
70,33035
25,33077
43,33077
56,33077
2,33218
35,33218
43,33218
52,33218
3,33219
4,33219
8,33219
9,33219
15,33219
26,33219
37,33219
40,33219
43,33219
49,33219
58,33219
61,33219
62,33219
70,33219
2,33221
12,33221
40,33221
43,33221
56,33221
58,33221
70,33221
35,33223
43,33223
56,33223
2,33275
12,33275
43,33275
40,33278
47,33278
70,33278
2,33315
4,33315
12,33315
40,33315
43,33315
58,33315
70,33315
27,33335
47,33335
10,33378
43,33378
56,33378
58,33378
2,33480
10,33480
43,33480
56,33480
2,33835
43,33835
47,33835
58,33835
40,33836
43,33836
56,33836
58,33836
52,33856
4,33918
15,33918
43,33918
47,33918
61,33918
70,33918
34,34016
47,34016
39,34037
43,34037
56,34037
47,34040
70,34040
4,34075
39,34075
58,34075
70,34075
2,34076
12,34076
43,34076
56,34076
58,34076
70,34076
39,34077
47,34077
52,34077
35,34078
43,34078
47,34078
70,34078
35,34079
39,34079
43,34079
47,34079
56,34079
35,34080
43,34080
56,34080
2,34082
4,34082
10,34082
40,34082
49,34082
56,34082
61,34082
62,34082
70,34082
15,34083
40,34083
47,34083
56,34083
57,34083
61,34083
70,34083
43,34095
52,34095
56,34095
70,34095
47,34257
70,34257
25,34340
43,34340
54,34340
56,34340
70,34340
2,34415
3,34415
5,34415
25,34415
36,34415
48,34415
56,34415
61,34415
10,34416
25,34416
56,34416
47,34495
70,34495
2,34496
70,34496
43,34497
52,34497
56,34497
43,34498
56,34498
57,34498
70,34498
10,34500
35,34500
43,34500
56,34500
70,34500
4,34501
15,34501
19,34501
35,34501
43,34501
49,34501
56,34501
61,34501
70,34501
2,34502
40,34502
43,34502
58,34502
70,34502
39,34515
47,34515
43,34516
56,34516
4,34518
35,34518
63,34535
2,34536
35,34536
43,34536
65,34536
25,34537
37,34537
43,34537
52,34537
14,34538
43,34538
47,34538
54,34538
56,34538
28,34539
35,34539
43,34539
49,34539
52,34539
56,34539
2,34540
40,34540
43,34540
58,34540
2,34555
4,34555
15,34555
35,34555
43,34555
2,34575
12,34575
43,34575
47,34575
57,34575
70,34575
47,34639
70,34639
27,34646
47,34646
26,34650
35,34650
43,34650
53,34650
56,34650
61,34650
62,34650
70,34650
47,34651
70,34651
2,34656
4,34656
12,34656
15,34656
19,34656
28,34656
33,34656
35,34656
43,34656
53,34656
56,34656
61,34656
70,34656
2,34659
10,34659
43,34659
56,34659
2,34739
12,34739
43,34739
56,34755
2,34775
8,34775
12,34775
43,34775
58,34775
61,34775
4,34776
8,34776
12,34776
19,34776
35,34776
43,34776
56,34776
61,34776
47,34836
63,34836
70,34836
5,34838
10,34838
16,34838
34,34838
43,34838
49,34838
56,34838
58,34838
61,34838
37,34840
56,34840
70,34840
37,34841
43,34841
56,34841
70,34841
25,34844
52,34844
70,34844
56,34858
1,34898
26,34898
42,34898
56,34898
61,34898
47,34915
52,34915
2,34935
4,34935
5,34935
6,34935
12,34935
14,34935
15,34935
27,34935
35,34935
43,34935
46,34935
47,34935
51,34935
52,34935
56,34935
66,34935
70,34935
47,34936
63,34936
2,34955
52,34955
47,34956
48,34956
62,34956
70,34956
43,35016
47,35016
70,35016
2,35035
4,35035
5,35035
15,35035
40,35035
43,35035
57,35035
58,35035
61,35035
70,35035
2,35056
39,35056
43,35056
2,35057
2,35175
4,35175
15,35175
28,35175
35,35175
40,35175
43,35175
49,35175
56,35175
57,35175
2,35176
43,35176
66,35176
25,35182
63,35182
70,35182
43,35195
58,35195
47,35255
56,35255
40,35256
43,35256
47,35256
58,35256
70,35256
25,35275
40,35275
43,35275
57,35275
70,35275
43,35477
47,35477
43,35495
56,35495
40,35515
47,35515
56,35515
70,35515
52,35555
47,35556
70,35556
4,35587
10,35587
43,35587
56,35587
58,35587
2,35588
4,35588
15,35588
28,35588
35,35588
43,35588
56,35588
70,35588
3,35657
26,35657
48,35657
62,35657
12,35675
40,35675
52,35675
57,35675
70,35675
25,35680
35,35680
43,35680
47,35680
70,35680
2,35682
15,35682
43,35682
58,35682
61,35682
62,35682
70,35682
2,35683
10,35683
52,35683
58,35683
63,35683
2,35798
35,35798
37,35798
43,35798
56,35798
61,35798
47,35941
70,35941
2,35943
4,35943
8,35943
12,35943
15,35943
19,35943
43,35943
51,35943
58,35943
62,35943
70,35943
2,36035
39,36035
43,36035
53,36035
61,36035
70,36035
2,36055
12,36055
5,36056
40,36056
53,36056
61,36056
2,36075
40,36075
43,36075
52,36075
70,36075
43,36076
43,36097
47,36097
52,36097
70,36097
2,36138
10,36138
15,36138
35,36138
39,36138
43,36138
56,36138
57,36138
61,36138
62,36138
70,36138
40,36215
43,36215
52,36215
56,36215
70,36215
2,36216
3,36216
4,36216
5,36216
8,36216
12,36216
15,36216
26,36216
40,36216
43,36216
56,36216
62,36216
65,36216
70,36216
2,36217
12,36217
25,36217
40,36217
43,36217
56,36217
57,36217
58,36217
47,36346
5,36373
40,36373
43,36373
56,36373
3,36657
25,36657
43,36657
47,36657
48,36657
49,36657
53,36657
58,36657
61,36657
62,36657
43,36675
56,36675
57,36675
58,36675
70,36675
47,36679
63,36679
2,36777
58,36777
70,36777
10,36795
2,36842
47,36842
62,36842
70,36842
52,36874
43,36917
63,36917
2,37019
35,37019
47,37019
56,37019
70,37019
37,37020
25,37180
47,37180
70,37180
4,37182
43,37182
56,37182
61,37182
62,37182
66,37182
12,37183
56,37183
70,37183
2,37235
70,37235
4,37357
10,37357
15,37357
35,37357
43,37357
56,37357
58,37357
61,37357
65,37357
43,37375
10,37376
43,37376
61,37376
4,37379
10,37379
25,37379
26,37379
33,37379
39,37379
43,37379
49,37379
56,37379
58,37379
62,37379
35,37435
47,37435
56,37435
70,37435
43,37536
47,37536
70,37536
12,37555
25,37555
4,37577
10,37577
12,37577
17,37577
35,37577
43,37577
49,37577
52,37577
53,37577
56,37577
61,37577
62,37577
70,37577
2,37578
10,37578
35,37578
39,37578
43,37578
47,37796
66,37796
39,37797
48,37797
49,37797
53,37797
2,37876
40,37876
58,37876
70,37876
2,38055
3,38055
4,38055
5,38055
8,38055
15,38055
26,38055
40,38055
43,38055
48,38055
49,38055
53,38055
58,38055
61,38055
70,38055
47,38176
70,38176
25,38255
40,38255
56,38255
57,38255
70,38255
2,38278
58,38278
4,38279
5,38279
15,38279
40,38279
47,38279
58,38279
62,38279
66,38279
70,38279
4,38280
35,38280
47,38280
70,38280
2,38316
4,38316
5,38316
15,38316
26,38316
36,38316
39,38316
40,38316
57,38316
58,38316
62,38316
70,38316
12,38335
25,38335
52,38335
2,38358
3,38358
4,38358
5,38358
8,38358
12,38358
15,38358
26,38358
40,38358
43,38358
56,38358
62,38358
65,38358
70,38358
47,38359
47,38377
58,38377
70,38377
52,38419
54,38419
2,38420
10,38420
30,38420
40,38420
43,38420
52,38420
2,38423
35,38423
47,38423
43,38425
47,38425
56,38425
47,38426
47,38475
70,38475
10,38578
39,38578
70,38578
37,38579
43,38579
47,38579
2,38635
40,38635
43,38635
58,38635
2,38636
10,38636
43,38636
53,38636
58,38636
61,38636
10,38638
35,38638
43,38638
56,38638
65,38638
2,38639
12,38639
43,38639
52,38639
56,38639
2,38641
5,38641
8,38641
15,38641
40,38641
43,38641
53,38641
56,38641
58,38641
61,38641
66,38641
70,38641
2,38643
4,38643
5,38643
10,38643
19,38643
35,38643
43,38643
49,38643
56,38643
58,38643
61,38643
65,38643
8,38644
12,38644
14,38644
39,38644
43,38644
54,38644
58,38644
61,38644
62,38644
70,38644
47,38645
70,38645
5,38646
25,38646
36,38646
35,38646
40,38646
43,38646
47,38646
56,38646
12,38647
25,38647
39,38647
4,38655
7,38655
15,38655
40,38655
43,38655
44,38655
47,38655
49,38655
51,38655
52,38655
57,38655
61,38655
65,38655
70,38655
2,38656
58,38656
2,38657
43,38657
2,38658
10,38658
56,38658
4,38660
14,38660
15,38660
38,38660
56,38660
58,38660
61,38660
63,38660
35,38675
47,38675
52,38675
47,38677
70,38677
2,38815
43,38815
70,38815
3,38819
4,38819
26,38819
43,38819
56,38819
58,38819
61,38819
70,38819
2,38820
43,38820
52,38820
56,38820
2,38835
10,38835
35,38835
43,38835
56,38835
58,38835
2,38837
4,38837
12,38837
19,38837
43,38837
53,38837
58,38837
61,38837
35,38838
43,38838
56,38838
57,38838
70,38838
56,38839
58,38839
43,38840
54,38840
56,38840
35,38841
43,38841
52,38841
43,38842
58,38842
70,38842
3,38843
4,38843
53,38843
58,38843
2,38844
35,38844
43,38844
56,38844
2,38845
4,38845
5,38845
14,38845
40,38845
43,38845
49,38845
52,38845
61,38845
70,38845
2,38846
4,38846
15,38846
35,38846
43,38846
70,38846
4,38855
6,38855
14,38855
38,38855
43,38855
61,38855
70,38855
3,38856
4,38856
5,38856
10,38856
36,38856
35,38856
38,38856
40,38856
49,38856
56,38856
58,38856
61,38856
53,38875
2,38896
43,38896
52,38896
4,38915
5,38915
49,38915
52,38915
53,38915
58,38915
47,38959
52,38959
54,38995
56,38995
57,38995
70,38995
2,39015
3,39015
4,39015
5,39015
6,39015
8,39015
12,39015
14,39015
40,39015
49,39015
53,39015
56,39015
58,39015
62,39015
70,39015
2,39115
43,39115
53,39115
56,39115
58,39115
61,39115
47,39156
57,39156
70,39156
56,39235
58,39235
2,39275
5,39275
14,39275
15,39275
28,39275
36,39275
40,39275
47,39275
51,39275
54,39275
57,39275
70,39275
71,39275
4,39315
10,39315
15,39315
49,39315
54,39315
56,39315
57,39315
61,39315
70,39315
10,39316
39,39316
40,39316
43,39316
56,39316
70,39316
4,39318
10,39318
12,39318
14,39318
15,39318
43,39318
47,39318
62,39318
70,39318
1,39319
3,39319
4,39319
25,39319
49,39319
56,39319
43,39320
56,39320
70,39320
2,39321
35,39321
43,39321
4,39322
5,39322
14,39322
15,39322
40,39322
43,39322
49,39322
53,39322
56,39322
58,39322
62,39322
70,39322
17,39385
25,39385
2,39405
10,39405
43,39405
25,39487
54,39507
70,39507
2,39527
43,39527
56,39527
61,39527
27,39687
47,39687
35,39707
47,39707
56,39707
47,39709
43,39887
61,39887
70,39887
12,39913
40,39913
43,39913
12,39916
25,39916
43,39916
47,39916
18,39930
28,39930
41,39930
71,39930
4,39933
10,39933
35,39933
43,39933
27,39969
10,39992
39,39992
40,39992
43,39992
10,39993
47,39993
70,39993
2,40067
43,40067
2,40069
5,40069
15,40069
25,40069
40,40069
48,40069
49,40069
51,40069
57,40069
58,40069
61,40069
62,40069
66,40069
70,40069
2,40074
5,40074
43,40074
61,40074
35,40087
40,40087
43,40087
10,40088
43,40088
56,40088
70,40088
2,40107
35,40107
70,40107
2,40147
10,40147
39,40147
47,40147
70,40147
2,40148
43,40148
47,40148
56,40148
58,40148
35,40149
43,40149
47,40150
70,40150
47,40171
70,40171
52,40213
12,40214
35,40214
37,40214
43,40214
47,40214
56,40214
57,40214
70,40214
4,40264
14,40264
15,40264
37,40264
53,40264
56,40264
70,40264
47,40267
62,40267
70,40267
47,40269
62,40269
70,40269
2,40271
4,40271
43,40271
49,40271
56,40271
61,40271
62,40271
65,40271
70,40271
47,40316
70,40316
39,40328
43,40328
56,40328
62,40328
70,40328
43,40350
52,40350
70,40350
2,40357
58,40357
70,40357
58,40358
58,40368
12,40369
43,40369
2,40554
4,40554
5,40554
14,40554
15,40554
26,40554
35,40554
40,40554
43,40554
49,40554
56,40554
66,40554
70,40554
8,40572
53,40572
58,40572
62,40572
47,40573
70,40573
47,40583
39,40621
47,40621
4,40732
12,40732
14,40732
15,40732
19,40732
25,40732
47,40732
53,40732
62,40732
70,40732
15,40793
26,40793
43,40793
47,40793
53,40793
61,40793
70,40793
4,40855
5,40855
35,40855
40,40855
43,40855
47,40855
52,40855
56,40855
61,40855
62,40855
4,41053
5,41053
9,41053
12,41053
15,41053
19,41053
28,41053
33,41053
35,41053
37,41053
40,41053
49,41053
51,41053
52,41053
56,41053
58,41053
61,41053
62,41053
70,41053
2,41155
12,41155
25,41155
43,41155
47,41155
52,41155
47,41179
70,41179
3,41236
4,41236
6,41236
53,41236
70,41236
71,41236
2,41374
43,41374
47,41374
52,41374
56,41374
61,41374
65,41374
2,41411
12,41411
40,41411
43,41411
58,41411
70,41411
2,41480
40,41480
43,41480
58,41480
70,41480
2,41552
12,41552
40,41552
52,41552
57,41552
70,41552
2,41578
3,41578
4,41578
12,41578
25,41578
43,41578
2,41689
43,41689
63,41689
3,41749
26,41749
40,41749
49,41749
53,41749
56,41749
58,41749
3,41750
8,41750
12,41750
28,41750
36,41750
43,41750
53,41750
57,41750
62,41750
70,41750
25,41751
43,41789
56,41789
70,41789
2,41829
12,41829
40,41829
43,41829
47,41829
56,41829
70,41829
2,41832
43,41832
47,41834
70,41834
2,41837
10,41837
37,41837
43,41837
25,41850
10,41898
15,41898
35,41898
43,41898
57,41898
61,41898
62,41898
70,41898
37,41900
52,41900
63,41900
4,41916
8,41916
10,41916
35,41916
43,41916
56,41916
58,41916
61,41916
2,41917
37,41917
43,41917
2,41960
35,41960
43,41960
56,41960
57,41960
58,41960
2,42001
10,42001
43,42001
56,42001
70,42001
47,42071
57,42071
70,42071
3,42250
4,42250
5,42250
8,42250
12,42250
15,42250
19,42250
25,42250
26,42250
40,42250
43,42250
47,42250
49,42250
51,42250
53,42250
57,42250
61,42250
62,42250
70,42250
2,42251
43,42251
70,42251
47,42287
70,42287
52,42289
2,42386
3,42386
14,42386
33,42386
57,42386
66,42386
2,42387
35,42387
56,42387
57,42387
70,42387
2,42388
10,42388
43,42388
52,42427
52,42449
47,42565
52,42565
70,42565
2,42718
43,42718
35,42723
43,42723
47,42723
70,42723
52,42757
10,42758
43,42758
53,42758
56,42758
58,42758
61,42758
2,42760
2,42880
43,42880
47,42919
70,42919
4,42921
7,42921
8,42921
10,42921
15,42921
16,42921
17,42921
26,42921
28,42921
36,42921
43,42921
44,42921
49,42921
51,42921
58,42921
61,42921
65,42921
67,42921
70,42921
2,42983
4,42983
35,42983
43,42983
56,42983
57,42983
47,42997
70,42997
4,42999
29,42999
35,42999
43,42999
48,42999
57,42999
47,43021
47,43027
62,43027
70,43027
47,43042
2,43062
35,43062
40,43062
43,43062
56,43062
58,43062
70,43062
2,43063
4,43063
40,43063
43,43063
52,43063
56,43063
70,43063
48,43070
4,43256
5,43256
25,43256
35,43256
40,43256
43,43256
49,43256
53,43256
56,43256
58,43256
61,43256
62,43256
70,43256
43,43262
56,43262
70,43262
2,43282
12,43282
43,43282
56,43282
2,43294
43,43294
2,43361
43,43361
3,43389
35,43389
43,43389
53,43389
56,43389
61,43389
70,43389
4,43390
6,43390
15,43390
35,43390
40,43390
43,43390
49,43390
56,43390
57,43390
58,43390
70,43390
43,43393
56,43393
2,43404
4,43404
5,43404
6,43404
14,43404
15,43404
36,43404
39,43404
40,43404
58,43404
61,43404
62,43404
70,43404
43,43446
56,43446
2,43449
40,43449
43,43449
58,43449
70,43449
2,43450
40,43450
43,43450
70,43450
3,43454
4,43454
5,43454
8,43454
10,43454
12,43454
19,43454
35,43454
40,43454
43,43454
48,43454
49,43454
53,43454
61,43454
62,43454
70,43454
10,43455
47,43455
58,43455
43,43458
47,43458
70,43458
2,43459
43,43459
3,43463
12,43463
43,43463
53,43463
56,43463
4,43471
14,43471
15,43471
36,43471
35,43471
43,43471
44,43471
47,43471
52,43471
61,43471
70,43471
2,43472
39,43472
47,43472
70,43472
28,43628
48,43628
51,43628
70,43628
2,43657
40,43657
43,43657
2,43658
3,43658
6,43658
15,43658
26,43658
38,43658
49,43658
53,43658
65,43658
70,43658
12,43702
19,43702
27,43702
43,43702
48,43702
51,43702
58,43702
61,43702
10,43703
43,43703
56,43703
8,43704
15,43704
47,43704
51,43704
62,43704
65,43704
70,43704
4,43705
10,43705
17,43705
26,43705
50,43705
61,43705
64,43705
47,43706
2,43719
4,43719
10,43719
12,43719
15,43719
19,43719
26,43719
35,43719
40,43719
43,43719
51,43719
56,43719
58,43719
61,43719
70,43719
47,43721
43,43724
2,43725
43,43725
70,43725
2,43726
40,43726
43,43726
56,43726
57,43726
58,43726
47,43731
70,43731
39,43732
57,43732
70,43732
47,43774
2,43776
43,43776
56,43776
47,43778
70,43778
4,43808
35,43808
43,43808
58,43808
61,43808
43,43809
54,43809
56,43809
57,43809
66,43809
70,43809
47,43870
70,43870
5,43899
47,43899
62,43899
2,43901
12,43901
43,43901
58,43901
2,43906
35,43906
43,43906
35,43908
43,43908
56,43908
70,43908
2,43909
58,43909
70,43909
56,43910
70,43910
54,43977
70,43977
34,43978
4,43984
56,43984
70,43984
47,43986
70,43986
43,43988
56,43988
4,43989
5,43989
12,43989
19,43989
43,43989
47,43989
48,43989
53,43989
61,43989
62,43989
43,43992
54,43992
56,43992
57,43992
70,43992
47,43998
47,44001
39,44003
43,44003
56,44003
61,44003
47,44078
70,44078
35,44079
56,44079
70,44079
4,44081
15,44081
19,44081
53,44081
54,44081
56,44081
62,44081
70,44081
12,44118
35,44118
40,44118
43,44118
52,44118
56,44118
58,44118
70,44118
40,44140
43,44140
56,44140
70,44140
3,44188
4,44188
35,44188
49,44188
53,44188
61,44188
2,44244
52,44244
4,44248
10,44248
43,44248
56,44248
12,44316
15,44316
26,44316
44,44316
2,44336
43,44336
58,44336
70,44336
43,44339
54,44339
56,44339
2,44377
40,44377
43,44377
58,44377
70,44377
40,44399
43,44399
56,44399
70,44399
47,44402
43,44404
47,44404
53,44404
70,44404
2,44436
4,44436
14,44436
15,44436
40,44436
43,44436
51,44436
56,44436
61,44436
2,44437
40,44437
43,44437
70,44437
47,44458
70,44458
40,44463
43,44463
70,44463
10,44464
35,44464
43,44464
56,44464
2,44484
4,44484
5,44484
14,44484
15,44484
36,44484
35,44484
43,44484
47,44484
49,44484
51,44484
52,44484
61,44484
65,44484
70,44484
4,44528
10,44528
43,44528
49,44528
56,44528
58,44528
61,44528
2,44538
40,44538
43,44538
35,44539
43,44539
56,44539
2,44541
16,44541
53,44541
9,44543
53,44543
56,44543
2,44545
3,44545
5,44545
12,44545
40,44545
43,44545
48,44545
61,44545
4,44549
39,44549
43,44549
56,44549
66,44549
70,44549
43,44553
47,44553
70,44553
2,44577
4,44577
15,44577
35,44577
38,44577
43,44577
49,44577
61,44577
62,44577
65,44577
70,44577
2,44579
3,44579
8,44579
12,44579
19,44579
53,44579
56,44579
43,44597
56,44597
70,44597
43,44611
47,44611
70,44611
37,44647
47,44649
70,44649
2,44652
4,44652
12,44652
39,44652
43,44652
56,44652
2,44656
10,44656
35,44656
43,44656
3,44660
4,44660
5,44660
10,44660
26,44660
36,44660
35,44660
43,44660
49,44660
52,44660
53,44660
56,44660
57,44660
61,44660
65,44660
66,44660
67,44660
70,44660
2,44661
5,44661
11,44661
12,44661
52,44661
3,44700
9,44700
53,44700
56,44700
2,44705
5,44705
43,44705
58,44705
61,44705
70,44705
2,44749
4,44749
6,44749
12,44749
13,44749
14,44749
15,44749
26,44749
40,44749
43,44749
48,44749
52,44749
53,44749
56,44749
58,44749
70,44749
47,44751
70,44751
37,44753
43,44753
2,44755
4,44755
35,44755
38,44755
43,44755
52,44755
56,44755
61,44755
70,44755
35,44757
43,44757
70,44757
2,44759
39,44759
43,44759
47,44759
3,44775
10,44775
15,44775
26,44775
43,44775
49,44775
56,44775
61,44775
70,44775
1,44796
2,44796
4,44796
5,44796
12,44796
14,44796
15,44796
19,44796
25,44796
26,44796
27,44796
36,44796
40,44796
43,44796
61,44796
63,44796
65,44796
70,44796
2,44817
12,44817
40,44817
43,44817
56,44817
58,44817
70,44817
2,44820
40,44820
43,44820
58,44820
43,44837
56,44837
2,44838
47,44838
52,44838
70,44838
2,44853
3,44853
5,44853
40,44853
53,44853
61,44853
70,44853
4,44855
7,44855
10,44855
36,44855
49,44855
53,44855
56,44855
61,44855
65,44855
40,44879
58,44879
2,44881
8,44881
12,44881
19,44881
52,44881
58,44881
2,44885
47,44885
54,44885
57,44885
63,44885
47,44887
40,44888
66,44888
47,44926
4,44944
35,44944
43,44944
49,44944
3,44966
4,44966
53,44966
56,44966
61,44966
66,44966
25,44967
40,44967
47,44967
48,44967
70,44967
2,44968
15,44968
40,44968
58,44968
70,44968
2,44969
40,44969
43,44969
70,44969
2,44977
43,44977
27,44986
63,44986
2,44988
43,44988
52,44988
70,44988
2,44993
43,44993
43,44996
61,44996
43,45025
47,45025
70,45025
35,45048
40,45048
43,45048
70,45048
47,45049
70,45049
56,45050
2,45051
43,45051
56,45051
2,45052
47,45052
52,45052
70,45052
2,45053
4,45053
5,45053
40,45053
49,45053
56,45053
58,45053
65,45053
70,45053
47,45054
70,45054
3,45055
35,45055
43,45055
48,45055
52,45055
61,45055
10,45056
43,45056
49,45056
53,45056
56,45056
61,45056
2,45058
47,45058
57,45058
70,45058
2,45060
43,45060
58,45060
61,45060
4,45061
35,45061
43,45061
61,45061
37,45062
10,45065
56,45065
66,45065
43,45070
57,45070
70,45070
10,45071
2,45072
43,45072
3,45087
4,45087
6,45087
14,45087
43,45087
52,45087
53,45087
56,45087
70,45087
2,45088
4,45088
5,45088
10,45088
36,45088
40,45088
43,45088
49,45088
56,45088
61,45088
2,45089
43,45089
2,45090
5,45090
40,45090
62,45090
70,45090
10,45096
2,45098
56,45098
2,45100
5,45100
40,45100
62,45100
70,45100
2,45102
3,45102
6,45102
19,45102
26,45102
39,45102
40,45102
43,45102
53,45102
57,45102
62,45102
48,45127
61,45127
4,45151
39,45151
43,45151
53,45151
54,45151
61,45151
70,45151
2,45153
12,45153
40,45153
47,45153
56,45153
57,45153
58,45153
70,45153
2,45187
25,45187
40,45187
43,45187
58,45187
2,45188
4,45188
5,45188
19,45188
43,45188
58,45188
61,45188
70,45188
3,45212
4,45212
43,45212
3,45213
4,45213
35,45213
2,45215
43,45215
56,45215
58,45215
39,45222
43,45222
61,45222
2,45228
58,45228
10,45237
43,45237
56,45237
8,45250
10,45250
43,45250
49,45250
56,45250
58,45250
66,45250
4,45251
7,45251
9,45251
14,45251
49,45251
53,45251
56,45251
61,45251
70,45251
11,45252
39,45252
56,45252
57,45252
70,45252
43,45268
61,45268
2,45270
10,45270
2,45272
40,45272
58,45272
70,45272
2,45273
12,45273
43,45273
56,45273
70,45273
2,45274
40,45274
58,45274
70,45274
43,45277
56,45277
16,45279
43,45279
53,45279
58,45279
2,45280
56,45280
70,45280
2,45282
4,45282
43,45282
48,45282
56,45282
61,45282
70,45282
2,45284
39,45284
43,45284
2,45286
39,45286
43,45286
56,45286
2,45288
43,45288
25,45292
56,45292
4,45307
43,45307
47,45307
62,45307
70,45307
2,45331
3,45331
5,45331
7,45331
8,45331
12,45331
14,45331
15,45331
17,45331
19,45331
30,45331
44,45331
53,45331
62,45331
70,45331
43,45390
56,45390
35,45392
43,45392
56,45392
58,45392
35,45393
43,45393
58,45393
70,45393
35,45396
47,45396
56,45396
70,45396
37,45397
40,45397
63,45397
47,45399
12,45400
47,45400
39,45403
56,45403
2,45408
43,45408
2,45412
4,45412
6,45412
10,45412
35,45412
49,45412
51,45412
53,45412
61,45412
70,45412
3,45466
25,45466
52,45466
4,45487
5,45487
15,45487
23,45487
35,45487
40,45487
43,45487
47,45487
48,45487
57,45487
70,45487
4,45490
5,45490
10,45490
14,45490
16,45490
40,45490
43,45490
61,45490
2,45523
35,45523
43,45523
47,45523
43,45524
58,45524
47,45525
62,45525
33,45526
37,45526
43,45526
56,45526
4,45528
8,45528
15,45528
35,45528
38,45528
40,45528
43,45528
49,45528
51,45528
56,45528
61,45528
2,45553
4,45553
5,45553
10,45553
12,45553
36,45553
40,45553
43,45553
47,45553
48,45553
49,45553
51,45553
2,45554
10,45554
12,45554
39,45554
43,45554
52,45554
2,45564
43,45564
47,45564
2,45570
43,45570
15,45571
36,45571
35,45571
47,45571
57,45571
62,45571
70,45571
2,45572
4,45572
53,45572
56,45572
4,45573
12,45573
15,45573
19,45573
25,45573
48,45573
49,45573
52,45573
66,45573
70,45573
2,45576
3,45576
43,45576
53,45576
10,45579
43,45579
56,45579
61,45579
39,45580
43,45580
66,45580
25,45584
2,45585
3,45585
25,45585
35,45585
37,45585
53,45585
56,45585
43,45587
56,45587
70,45587
10,45588
10,45589
43,45589
56,45589
61,45589
5,45596
10,45596
35,45596
43,45596
56,45596
58,45596
70,45596
2,45597
10,45597
40,45597
56,45597
70,45597
43,45599
70,45599
56,45618
58,45618
70,45618
47,45651
47,45731
47,45734
25,45747
58,45747
25,45748
47,45749
2,45751
52,45751
2,45752
12,45752
40,45752
70,45752
47,45753
2,45755
12,45755
43,45755
5,45756
12,45756
43,45756
47,45756
66,45756
70,45756
2,45757
35,45757
52,45757
58,45757
4,45759
5,45759
10,45759
11,45759
16,45759
27,45759
40,45759
43,45759
47,45759
49,45759
56,45759
58,45759
61,45759
2,45785
27,45785
47,45799
70,45799
2,45819
4,45819
5,45819
15,45819
27,45819
43,45819
47,45819
49,45819
51,45819
61,45819
3,45820
4,45820
8,45820
10,45820
16,45820
26,45820
43,45820
49,45820
51,45820
53,45820
56,45820
58,45820
61,45820
70,45820
35,45821
56,45821
47,45822
56,45829
47,45833
47,45856
2,45857
43,45857
53,45857
2,45866
43,45866
56,45866
70,45866
47,45891
70,45891
2,45899
58,45899
10,45900
56,45900
70,45900
2,45901
43,45901
2,45912
43,45912
2,45914
12,45914
25,45914
40,45914
58,45914
47,45927
43,45929
37,45930
40,45930
43,45930
12,45932
35,45932
43,45932
47,45932
10,45933
56,45933
3,45934
4,45934
5,45934
35,45934
40,45934
54,45934
57,45934
43,45936
2,46024
40,46024
43,46024
70,46024
2,46026
43,46026
47,46042
70,46042
47,46048
43,46049
58,46049
3,46092
4,46092
7,46092
8,46092
14,46092
15,46092
43,46092
51,46092
61,46092
70,46092
12,46093
25,46093
35,46093
43,46093
2,46152
10,46152
35,46152
43,46152
56,46152
47,46154
2,46170
4,46170
12,46170
43,46170
53,46170
56,46170
61,46170
66,46170
12,46172
43,46172
61,46172
2,46181
3,46181
4,46181
12,46181
43,46181
48,46181
61,46181
63,46187
3,46199
43,46199
47,46199
48,46199
51,46199
53,46199
56,46199
57,46199
61,46199
47,46200
2,46201
4,46202
8,46202
10,46202
12,46202
19,46202
35,46202
43,46202
4,46253
47,46253
2,46255
4,46255
5,46255
35,46255
43,46255
53,46255
2,46256
4,46256
12,46256
43,46256
53,46256
56,46256
43,46257
47,46257
70,46257
2,46259
37,46260
56,46260
35,46261
43,46261
56,46261
58,46261
43,46263
56,46263
57,46263
58,46263
43,46280
56,46280
40,46281
47,46281
70,46281
25,46282
63,46300
2,46305
43,46305
47,46305
70,46305
2,46310
3,46310
54,46310
66,46310
2,46336
43,46336
43,46337
58,46337
52,46338
2,46356
10,46356
35,46356
40,46356
43,46356
52,46356
56,46356
2,46368
40,46368
43,46368
47,46373
3,46411
39,46411
43,46411
47,46415
70,46415
47,46431
10,46434
43,46434
53,46434
56,46434
66,46434
70,46434
2,46435
5,46435
8,46435
25,46435
40,46435
47,46435
51,46435
57,46435
58,46435
62,46435
70,46435
4,46437
22,46437
35,46437
2,46443
43,46443
47,46443
70,46443
35,46444
39,46444
70,46444
47,46445
2,46446
10,46446
12,46446
39,46446
43,46446
2,46449
10,46449
25,46450
13,46451
56,46451
35,46496
43,46496
56,46496
2,46498
47,46561
70,46561
2,46563
4,46563
10,46563
43,46563
65,46563
2,46564
56,46565
43,46568
2,46570
4,46570
8,46570
10,46570
12,46570
19,46570
39,46570
43,46570
53,46570
61,46570
2,46582
4,46582
10,46582
16,46582
35,46582
43,46582
49,46582
53,46582
56,46582
62,46582
70,46582
6,46583
12,46583
14,46583
28,46583
36,46583
43,46583
47,46583
49,46583
51,46583
56,46583
61,46583
62,46583
70,46583
47,46584
70,46584
52,46587
2,46590
43,46590
10,46591
43,46591
47,46591
53,46591
62,46591
70,46591
47,46630
43,46712
56,46712
47,46734
3,46746
25,46746
26,46746
36,46746
38,46746
43,46746
47,46747
58,46747
62,46747
2,46748
4,46748
10,46748
17,46748
35,46748
37,46748
43,46748
56,46748
58,46748
61,46748
43,46750
56,46750
2,46751
6,46751
14,46751
28,46751
34,46751
43,46751
50,46751
56,46751
57,46751
61,46751
62,46751
67,46751
70,46751
56,46753
62,46753
66,46753
70,46753
47,46756
2,46781
4,46781
14,46781
47,46781
62,46781
70,46781
15,46839
47,46839
63,46839
70,46839
10,46840
43,46840
56,46840
61,46840
16,46846
58,46846
43,46852
43,46854
56,46854
3,46855
25,46855
48,46855
49,46855
52,46855
53,46855
3,46856
47,46856
10,46857
16,46857
56,46857
47,46858
70,46858
47,46860
2,46862
43,46862
2,46864
39,46864
43,46864
47,46865
70,46865
47,46873
57,46873
70,46873
47,46901
52,46901
74,46916
16,46916
28,46916
51,46916
70,46916
47,46918
70,46918
2,46919
4,46919
10,46919
43,46919
53,46919
61,46919
2,46969
3,46969
4,46969
10,46969
16,46969
40,46969
43,46969
48,46969
53,46969
56,46969
58,46969
61,46969
62,46969
70,46969
2,47012
4,47012
10,47012
35,47012
43,47012
56,47012
61,47012
10,47013
35,47013
43,47013
56,47013
4,47015
14,47015
39,47015
40,47015
43,47015
56,47015
64,47015
66,47015
47,47047
51,47047
70,47047
47,47074
70,47074
40,47075
47,47075
70,47075
2,47108
26,47108
43,47108
61,47108
4,47110
14,47110
23,47110
43,47110
47,47110
48,47110
43,47133
2,47142
4,47142
5,47142
15,47142
26,47142
37,47142
40,47142
49,47142
51,47142
53,47142
57,47142
58,47142
70,47142
35,47156
47,47156
70,47156
10,47339
43,47339
47,47354
47,47649
70,47649
2,47652
2,47659
4,47659
43,47659
56,47659
57,47659
61,47659
66,47659
70,47659
56,47661
70,47661
43,47697
58,47697
47,47876
5,47879
25,47879
40,47879
43,47879
48,47879
3,47938
39,47938
43,47938
55,47938
64,47938
66,47938
69,47938
70,47938
35,47966
47,47966
70,47966
3,47981
4,47981
16,47981
26,47981
36,47981
35,47981
43,47981
53,47981
61,47981
2,47983
5,47983
12,47983
15,47983
19,47983
43,47983
53,47983
70,47983
2,48012
3,48012
10,48012
39,48012
43,48012
70,48012
2,48013
12,48013
40,48013
43,48013
2,48055
58,48055
4,48429
48,48429
2,48438
12,48438
40,48438
43,48438
56,48438
58,48438
70,48438
43,48630
4,48652
8,48652
14,48652
35,48652
43,48652
56,48652
66,48652
10,48653
56,48653
70,48653
3,48654
4,48654
12,48654
48,48654
53,48654
2,48661
58,48661
4,48727
5,48727
6,48727
7,48727
10,48727
14,48727
15,48727
44,48727
51,48727
56,48727
61,48727
62,48727
66,48727
70,48727
47,48762
70,48762
43,48772
47,48772
35,48791
70,48791
35,48795
57,48795
35,48796
43,48796
56,48796
4,48797
14,48797
40,48797
43,48797
56,48797
66,48797
70,48797
56,48800
47,48804
25,48876
2,48878
2,48879
58,48879
43,48881
56,48881
2,49053
35,49053
56,49053
43,49113
47,49113
2,49116
5,49116
36,49116
38,49116
43,49116
53,49116
55,49116
56,49116
61,49116
62,49116
64,49116
25,49117
35,49118
56,49118
70,49118
2,49119
10,49119
43,49119
4,49120
10,49120
49,49120
53,49120
56,49120
61,49120
58,49121
25,49122
43,49123
58,49123
2,49125
43,49125
56,49125
58,49125
70,49125
2,49152
43,49152
58,49152
2,49156
2,49157
2,49158
10,49158
12,49158
43,49158
47,49158
53,49158
61,49158
2,49194
43,49194
58,49194
2,49233
47,49233
58,49233
4,49237
16,49237
35,49237
43,49237
61,49237
2,49451
58,49451
47,49454
52,49454
10,49472
35,49472
43,49472
56,49472
25,49473
35,49473
43,49473
2,49474
10,49474
52,49474
2,49475
58,49475
2,49494
58,49494
47,49511
46,49513
47,49513
70,49513
56,49591
43,49592
56,49592
2,49593
47,49593
62,49593
70,49593
36,49611
43,49611
47,49611
58,49612
35,49615
2,49616
3,49616
4,49616
26,49616
35,49616
43,49616
49,49616
53,49616
56,49616
61,49616
65,49616
3,49618
4,49618
8,49618
19,49618
46,49618
47,49618
49,49618
52,49618
61,49618
62,49618
65,49618
70,49618
2,49619
2,49620
58,49620
15,49651
47,49651
62,49651
70,49651
43,49671
56,49671
2,49673
58,49673
25,49691
39,49691
47,49692
2,49751
58,49751
47,49792
62,49792
70,49792
47,49795
35,49796
47,49797
47,49798
70,49798
2,49814
35,49876
43,49876
70,49876
47,49878
47,49880
62,49880
66,49880
70,49880
35,49882
70,49882
35,49892
70,49892
2,49931
43,49931
2,49932
58,49932
35,49933
25,49934
2,50053
12,50053
56,50053
3,50091
4,50091
10,50091
16,50091
35,50091
43,50091
53,50091
56,50091
58,50091
61,50091
37,50095
43,50095
58,50095
4,50097
5,50097
8,50097
12,50097
15,50097
19,50097
26,50097
53,50097
56,50097
61,50097
62,50097
66,50097
56,50131
43,50132
2,50238
4,50238
14,50238
35,50238
47,50238
51,50238
52,50238
53,50238
57,50238
58,50238
62,50238
65,50238
70,50238
4,50240
5,50240
8,50240
12,50240
15,50240
40,50240
51,50240
54,50240
61,50240
70,50240
10,50245
43,50245
4,50246
47,50246
70,50246
2,50251
58,50251
43,50252
43,50253
56,50253
47,50291
70,50291
35,50292
43,50292
58,50292
70,50292
12,50313
25,50313
5,50314
24,50314
54,50314
70,50314
2,50315
43,50315
58,50315
2,50317
43,50317
53,50317
61,50317
2,50318
3,50318
4,50318
43,50318
53,50318
2,50320
4,50320
12,50320
14,50320
35,50320
43,50320
51,50320
57,50320
61,50320
62,50320
70,50320
12,50322
25,50322
36,50322
25,50324
40,50324
2,50331
3,50331
5,50331
39,50331
43,50331
47,50331
61,50331
43,50332
58,50332
52,50333
43,50334
3,50335
48,50335
56,50335
2,50337
10,50337
40,50337
2,50341
43,50341
5,50342
15,50342
25,50342
35,50342
40,50342
48,50342
49,50342
58,50342
61,50342
70,50342
2,50343
4,50343
10,50343
43,50343
58,50343
25,50344
25,50346
2,50347
58,50347
56,50453
2,50511
43,50511
70,50511
25,50513
25,50714
2,50771
43,50771
35,50791
43,50791
25,50792
4,50797
5,50797
14,50797
15,50797
35,50797
43,50797
47,50797
49,50797
51,50797
61,50797
62,50797
66,50797
70,50797
25,50799
43,50799
4,50800
5,50800
8,50800
26,50800
29,50800
40,50800
43,50800
53,50800
8,50801
12,50801
43,50801
53,50801
43,50802
56,50802
70,50802
39,50803
43,50803
56,50803
2,50804
4,50804
5,50804
26,50804
35,50804
47,50804
61,50804
65,50804
5,50806
54,50806
70,50806
47,50807
70,50807
2,50809
10,50809
40,50809
43,50810
56,50810
35,50812
70,50812
2,50831
35,50831
47,50831
56,50831
39,50916
43,50916
56,50916
56,50919
70,50919
3,50972
4,50972
10,50972
26,50972
36,50972
35,50972
47,50972
51,50972
53,50972
61,50972
70,50972
47,50975
56,50976
70,50976
4,50977
35,50977
43,50977
47,50978
25,50979
2,50981
43,50981
35,50983
47,50983
2,50984
43,50984
56,50984
43,50985
2,50992
5,50992
65,50992
35,50993
43,50993
47,50994
2,50995
56,50995
57,50995
70,50995
3,50996
4,50996
16,50996
35,50996
37,50996
43,50996
61,50996
62,50996
66,50996
70,50996
39,50998
70,50998
47,50999
52,50999
63,50999
2,51004
40,51004
43,51004
56,51004
70,51004
2,51005
10,51005
43,51005
43,51006
47,51006
56,51006
57,51006
70,51006
25,51007
58,51007
52,51008
2,51010
4,51010
5,51010
6,51010
12,51010
15,51010
53,51010
61,51010
62,51010
66,51010
70,51010
47,51011
70,51011
25,51015
43,51015
43,51019
66,51019
46,51020
47,51020
61,51020
66,51020
35,51021
43,51022
56,51022
35,51023
43,51023
56,51023
57,51023
70,51023
25,51024
2,51025
12,51025
58,51025
12,51026
40,51026
43,51026
70,51026
3,51027
4,51027
24,51027
53,51027
56,51027
64,51027
43,51031
56,51031
70,51031
39,51033
25,51052
47,51054
43,51055
56,51055
39,51075
8,51083
39,51083
61,51083
66,51083
4,51393
5,51393
14,51393
43,51393
53,51393
61,51393
62,51393
70,51393
74,51412
2,51412
4,51412
19,51412
35,51412
40,51412
43,51412
51,51412
53,51412
58,51412
61,51412
62,51412
66,51412
70,51412
72,51412
35,51413
56,51413
70,51413
39,51414
52,51414
53,51414
2,51416
4,51416
9,51416
14,51416
16,51416
28,51416
33,51416
35,51416
43,51416
49,51416
53,51416
61,51416
66,51416
2,51439
58,51439
4,51440
5,51440
10,51440
15,51440
35,51440
40,51440
43,51440
49,51440
53,51440
56,51440
58,51440
61,51440
12,51441
25,51441
2,51442
5,51442
12,51442
19,51442
43,51442
53,51442
57,51442
61,51442
62,51442
2,51443
10,51443
39,51443
43,51443
53,51443
56,51443
61,51443
5,51444
8,51444
12,51444
19,51444
40,51444
43,51444
61,51444
70,51444
2,51445
10,51445
58,51445
25,51448
40,51448
47,51449
70,51449
43,51517
48,51517
57,51517
25,51531
43,51531
2,51533
43,51533
58,51533
2,51534
5,51534
23,51534
40,51534
58,51534
43,51537
2,51567
43,51567
2,51568
10,51568
35,51568
43,51568
49,51568
61,51568
13,51570
39,51570
43,51570
56,51570
35,51596
43,51596
56,51596
47,51597
2,51653
43,51653
56,51653
58,51653
10,51654
35,51654
56,51654
15,51655
43,51655
61,51655
70,51655
2,51656
10,51656
56,51656
2,51671
40,51671
43,51671
58,51671
70,51671
25,51674
43,51674
49,51674
61,51674
64,51674
47,51676
4,51751
35,51751
56,51751
61,51751
2,51752
35,51752
43,51752
43,51753
56,51753
2,51755
10,51755
43,51755
2,51775
5,51775
12,51775
43,51775
47,51775
57,51775
66,51775
70,51775
12,51991
47,51991
63,51991
25,52231
43,52240
56,52240
25,52263
3,52264
48,52264
53,52264
2,52265
4,52265
5,52265
6,52265
10,52265
16,52265
19,52265
28,52265
30,52265
35,52265
48,52265
53,52265
56,52265
62,52265
66,52265
67,52265
2,52271
43,52271
61,52271
47,52273
70,52273
43,52274
47,52274
62,52274
2,52275
43,52275
56,52275
4,52277
38,52277
56,52277
61,52277
2,52279
39,52279
43,52279
56,52279
58,52279
61,52279
66,52279
2,52286
43,52286
58,52286
47,52287
3,52289
25,52289
48,52289
53,52289
58,52289
37,52291
39,52291
43,52291
47,52292
70,52292
2,52293
43,52293
56,52293
47,52295
70,52295
2,52340
33,52340
35,52340
43,52340
53,52340
61,52340
2,52471
43,52471
56,52471
39,52538
43,52538
56,52538
70,52538
47,52551
70,52551
2,52552
30,52552
43,52552
53,52552
61,52552
2,52553
2,52596
3,52596
43,52596
25,52633
43,52634
15,52635
47,52635
51,52635
4,52636
14,52636
43,52636
70,52636
2,52638
43,52638
47,52638
58,52638
47,52640
43,52651
56,52651
57,52651
47,52652
2,52653
25,52654
70,52654
2,52671
15,52671
43,52671
49,52671
56,52671
58,52671
61,52671
66,52671
70,52671
57,52676
70,52676
2,52692
40,52692
58,52692
70,52692
35,52693
2,52694
58,52694
2,52696
52,52697
14,52699
51,52699
54,52699
57,52699
61,52699
66,52699
2,52814
40,52814
43,52814
2,52815
4,52815
10,52815
15,52815
16,52815
49,52815
51,52815
56,52815
58,52815
61,52815
65,52815
57,52816
62,52816
43,52817
2,52818
35,52818
43,52818
56,52818
58,52818
70,52818
2,52819
4,52819
10,52819
16,52819
43,52819
47,52819
52,52819
53,52819
61,52819
4,52833
43,52833
56,52833
61,52833
2,52834
40,52834
66,52834
2,52836
35,52836
43,52836
70,52836
2,52837
43,52837
70,52837
2,52838
43,52838
2,52839
43,52839
56,52839
39,52872
43,52872
58,52872
58,52873
2,52874
4,52874
43,52874
53,52874
61,52874
2,52934
70,52934
2,52935
35,52935
43,52935
56,52935
70,52935
43,52937
56,52937
2,52938
10,52938
43,52938
58,52938
2,52939
43,52939
56,52940
25,52942
47,52945
4,52946
37,52946
56,52946
65,52946
43,52947
56,52947
58,52947
4,52972
14,52972
49,52972
58,52972
62,52972
2,52973
43,52973
56,52973
4,52974
56,52974
2,52976
25,52976
27,52976
40,52976
58,52976
66,52976
43,52977
37,52978
43,52978
56,52978
70,52978
35,52980
37,52980
59,52980
14,52981
47,52981
53,52981
61,52981
66,52981
35,52983
43,52983
2,52984
35,52984
43,52984
52,52987
54,52987
2,52988
40,52988
43,52988
58,52988
70,52988
47,52993
70,52993
2,53103
8,53103
43,53103
53,53103
58,53103
61,53103
62,53103
70,53103
13,53104
39,53104
66,53104
68,53104
69,53104
70,53104
47,53106
57,53106
70,53106
5,53107
47,53107
62,53107
70,53107
2,53108
58,53108
3,53112
4,53112
15,53112
43,53112
52,53112
53,53112
61,53112
66,53112
70,53112
56,53113
25,53114
43,53115
56,53115
61,53115
2,53116
10,53116
16,53116
35,53116
43,53116
56,53116
58,53116
39,53117
35,53118
56,53118
2,53148
12,53148
43,53148
58,53148
4,53149
10,53149
35,53149
43,53149
53,53149
2,53151
47,53151
66,53151
2,53152
52,53152
43,53165
56,53165
43,53166
57,53166
2,53182
4,53182
35,53182
43,53182
53,53182
58,53182
61,53182
73,53182
43,53194
3,53195
15,53195
35,53195
47,53195
51,53195
62,53195
70,53195
47,53196
47,53197
40,53198
43,53198
58,53198
70,53198
2,53200
43,53200
53,53200
58,53200
10,53203
33,53203
43,53203
33,53204
39,53204
58,53204
43,53223
56,53223
2,53224
10,53225
43,53225
56,53225
70,53225
2,53232
39,53232
43,53232
2,53233
43,53233
2,53254
56,53254
58,53254
70,53254
35,53256
56,53256
2,53257
43,53257
12,53262
37,53262
43,53262
56,53262
57,53262
66,53262
70,53262
62,53264
70,53264
2,53265
39,53265
43,53265
61,53265
2,53266
4,53266
5,53266
12,53266
15,53266
47,53266
70,53266
25,53268
39,53268
3,53269
56,53269
47,53270
70,53270
4,53306
10,53306
35,53306
53,53306
56,53306
61,53306
62,53306
70,53306
2,53308
43,53308
61,53308
56,53324
2,53325
4,53325
8,53325
12,53325
15,53325
40,53325
43,53325
53,53325
56,53325
57,53325
58,53325
61,53325
70,53325
47,53326
4,53331
6,53331
10,53331
14,53331
43,53331
53,53331
61,53331
43,53332
47,53332
70,53332
4,53333
47,53333
62,53333
70,53333
3,53340
4,53340
5,53340
7,53340
8,53340
12,53340
14,53340
40,53340
44,53340
51,53340
53,53340
56,53340
57,53340
61,53340
62,53340
66,53340
70,53340
47,53353
37,53355
43,53355
54,53355
61,53355
2,53356
40,53356
43,53356
3,53358
4,53358
5,53358
6,53358
8,53358
12,53358
19,53358
43,53358
49,53358
51,53358
53,53358
61,53358
62,53358
65,53358
66,53358
2,53359
10,53359
43,53359
56,53359
4,53360
43,53360
47,53360
58,53360
61,53360
62,53360
66,53360
70,53360
2,53361
47,53370
37,53372
56,53372
56,53373
2,53374
43,53374
47,53374
2,53375
43,53375
61,53375
16,53376
33,53376
47,53376
2,53377
40,53377
43,53377
57,53377
58,53377
70,53377
5,53412
47,53412
62,53412
70,53412
2,53423
43,53423
58,53423
46,53427
2,53428
43,53428
58,53428
61,53428
2,53433
10,53433
43,53433
2,53434
58,53434
3,53435
53,53435
56,53435
43,53436
5,53438
40,53438
43,53438
53,53438
61,53438
2,53462
43,53462
56,53462
58,53462
47,53463
56,53463
4,53466
43,53466
47,53466
58,53466
70,53466
47,53469
52,53469
62,53469
70,53469
2,53471
43,53471
53,53471
58,53471
4,53485
43,53485
43,53487
56,53487
2,53488
3,53488
8,53488
14,53488
15,53488
26,53488
43,53488
48,53488
53,53488
56,53488
58,53488
61,53488
62,53488
66,53488
70,53488
2,53494
39,53494
43,53494
58,53494
2,53495
58,53495
61,53495
4,53496
25,53496
2,53497
10,53497
43,53497
58,53497
61,53497
43,53498
56,53498
61,53498
2,53499
43,53499
35,53501
43,53501
47,53543
39,53545
2,53546
4,53546
5,53546
12,53546
40,53546
43,53546
51,53546
53,53546
58,53546
61,53546
62,53546
70,53546
2,53551
12,53551
40,53551
62,53551
2,53552
47,53552
2,53559
4,53559
5,53559
12,53559
15,53559
43,53559
47,53559
61,53559
65,53559
66,53559
70,53559
2,53561
3,53561
43,53561
49,53561
53,53561
15,53562
43,53562
56,53562
70,53562
4,53563
35,53563
43,53563
2,53564
4,53564
5,53564
15,53564
16,53564
26,53564
40,53564
49,53564
52,53564
58,53564
62,53564
70,53564
2,53565
27,53565
47,53565
52,53565
70,53565
63,53567
66,53567
2,53568
43,53568
53,53568
2,53571
4,53571
39,53571
43,53571
53,53571
56,53571
61,53571
62,53571
70,53571
2,53572
4,53572
43,53572
56,53572
4,53574
35,53574
43,53574
56,53574
61,53574
2,53576
28,53576
37,53576
47,53576
62,53576
70,53576
72,53576
4,53625
5,53625
10,53625
40,53625
49,53625
53,53625
58,53625
61,53625
65,53625
2,53626
43,53626
58,53626
47,53628
2,60609
10,60609
43,60609
61,60609
2,60612
10,60612
43,60612
58,60612
10,60613
43,60613
53,60613
56,60613
61,60613
2,60616
2,60620
12,60620
39,60620
40,60620
43,60620
2,60625
51,60625
58,60625
62,60625
70,60625
4,60629
43,60629
53,60629
61,60629
2,60630
10,60630
12,60630
30,60630
33,60630
39,60630
43,60630
57,60630
58,60630
64,60630
66,60630
4,60631
56,60631
61,60631
62,60631
70,60631
4,60634
43,60634
56,60634
70,60634
47,60653
2,60660
43,60660
70,60660
2,60661
8,60661
14,60661
40,60661
43,60661
51,60661
56,60661
58,60661
61,60661
62,60661
66,60661
3,60662
5,60662
26,60662
61,60662
71,60662
3,60665
48,60665
56,60665
4,60667
25,60667
35,60667
43,60667
48,60667
61,60667
2,60669
43,60669
56,60669
70,60669
39,60677
47,60677
2,60686
43,60686
47,60686
49,60686
52,60686
58,60686
61,60686
70,60686
47,60688
47,60689
2,60691
4,60691
12,60691
43,60691
52,60691
56,60691
58,60691
61,60691
70,60692
2,60709
3,60709
47,60713
70,60713
2,60721
5,60721
43,60721
52,60730
2,60732
2,60734
4,60734
5,60734
43,60734
57,60734
62,60734
43,60752
52,60752
56,60752
61,60752
66,60752
2,60756
4,60756
43,60756
56,60756
61,60756
12,60783
15,60783
43,60783
56,60783
57,60783
61,60783
62,60783
70,60783
2,60785
43,60785
46,60785
43,60882
56,60882
63,60882
66,60882
2,60892
35,60892
37,60892
43,60892
61,60892
2,60897
5,60897
12,60897
43,60897
52,60897
57,60897
62,60897
66,60897
70,60897
2,60924
35,60924
43,60924
53,60924
56,60924
63,60927
2,60951
40,60951
58,60951
62,60951
66,60951
70,60951
52,60956
4,60975
43,60975
56,60975
57,60975
61,60975
62,60975
66,60975
70,60975
2,60980
47,60980
2,60981
39,60981
43,60981
2,60983
3,60983
4,60983
35,60983
43,60983
56,60983
2,61003
43,61003
56,61003
47,61008
70,61008
2,61012
10,61012
43,61012
4,61014
13,61014
14,61014
26,61014
31,61014
51,61014
55,61014
66,61014
69,61014
2,61031
4,61031
43,61031
52,61031
61,61031
3,61033
4,61033
43,61033
48,61033
61,61033
4,61051
10,61051
56,61051
61,61051
2,61070
37,61070
39,61070
43,61070
5,61073
43,61073
47,61073
66,61073
25,61079
48,61079
43,65198
53,65198
56,65198
61,65198
62,65198
70,65198
2,65218
4,65218
43,65218
53,65218
58,65218
47,65244
47,65270
3,65292
62,65292
66,65292
70,65292
39,65318
47,65318
63,65318
66,65318
40,65359
43,65359
62,65359
70,65359
10,65360
16,65360
33,65360
43,65360
53,65360
61,65360
62,65360
66,65360
47,65412
2,65413
43,65413
61,65414
2,65421
43,65421
53,65421
56,65421
71,65421
47,65425
2,65469
12,65469
43,65469
58,65469
5,65471
8,65471
12,65471
19,65471
43,65471
53,65471
61,65471
66,65471
2,65493
39,65493
43,65493
56,65493
3,65536
43,65536
2,65546
43,65546
47,65546
39,65548
43,65548
61,65548
66,65548
2,65569
4,65569
10,65569
43,65569
48,65569
57,65569
58,65569
47,65575
43,65622
56,65622
2,65633
5,65633
53,65633
57,65633
61,65633
2,65653
39,65653
43,65653
56,65653
61,65653
2,65717
40,65717
43,65717
53,65717
56,65717
61,65717
6,65743
34,65743
47,65745
70,65745
52,65754
2,65771
8,65771
12,65771
19,65771
43,65771
61,65771
2,65774
3,65774
10,65774
26,65774
58,65774
43,65808
53,65808
56,65808
70,65808
43,65810
43,65813
47,65813
56,65813
61,65813
2,65815
43,65815
2,65834
43,65834
2,65835
4,65835
12,65835
15,65835
43,65835
53,65835
61,65835
43,65867
53,65867
61,65867
43,65921
47,65923
66,65923
70,65923
47,65929
52,65934
47,65980
52,65980
47,65981
43,65982
48,65982
61,65982
2,66005
2,66022
40,66022
43,66022
66,66022
70,66022
56,66034
35,66049
61,66049
37,66065
43,66065
56,66065
1,66078
3,66078
4,66078
5,66078
10,66078
16,66078
28,66078
35,66078
43,66078
51,66078
53,66078
56,66078
61,66078
4,66086
47,66086
49,66086
56,66086
61,66086
65,66086
2,66090
5,66090
40,66090
43,66090
70,66090
4,66093
25,66093
35,66093
48,66093
53,66093
47,66094
2,66127
39,66127
2,66128
4,66128
47,66131
40,66156
47,66156
57,66156
39,66159
70,66159
3,66160
9,66160
53,66160
56,66160
58,66160
43,66192
56,66192
61,66192
2,66198
4,66198
10,66198
43,66198
56,66198
61,66198
25,66203
48,66203
62,66203
51,66204
56,66204
57,66204
62,66204
70,66204
43,66215
53,66215
56,66215
61,66215
70,66215
2,66216
43,66216
53,66216
43,66221
47,66221
70,66221
10,66222
56,66222
52,66223
4,66244
43,66244
53,66244
56,66244
58,66244
61,66244
64,66244
56,66247
57,66247
70,66247
3,66253
6,66309
10,66309
14,66309
16,66309
26,66309
33,66309
61,66309
63,66323
43,66332
56,66332
70,66332
43,66334
56,66334
62,66334
70,66334
15,66335
43,66335
56,66335
57,66335
61,66335
70,66335
43,66349
47,66349
61,66349
47,66350
70,66350
2,66352
43,66352
56,66352
70,66352
43,66362
56,66362
47,66394
4,66395
5,66395
8,66395
12,66395
40,66395
48,66395
49,66395
57,66395
61,66395
66,66395
5,66431
15,66431
43,66431
53,66431
61,66431
27,66432
2,66444
52,66444
2,66446
43,66446
61,66446
12,66450
19,66450
25,66450
43,66450
47,66450
48,66450
18,66451
43,66451
71,66451
5,66457
39,66457
40,66457
66,66457
70,66457
43,66489
53,66489
61,66489
14,66503
43,66503
53,66503
56,66503
61,66503
66,66503
52,66525
47,66527
70,66527
4,66529
5,66529
15,66529
43,66529
52,66529
56,66529
57,66529
61,66529
66,66529
70,66529
43,66541
56,66541
63,66543
3,66550
26,66550
47,66550
2,66555
4,66555
43,66555
56,66555
47,66557
2,66559
12,66559
35,66585
43,66585
56,66585
61,66585
3,66616
4,66616
10,66616
12,66616
19,66616
35,66616
43,66616
53,66616
4,66639
43,66639
56,66639
61,66639
62,66639
70,66639
9,66640
43,66640
25,66645
4,66646
10,66646
15,66646
16,66646
35,66646
43,66646
49,66646
56,66646
61,66646
62,66646
70,66646
43,66654
15,66655
43,66655
62,66655
70,66655
4,66685
14,66685
15,66685
35,66685
62,66685
70,66685
52,66731
59,66731
14,66743
35,66743
43,66743
56,66743
61,66743
62,66743
70,66743
2,66800
43,66800
47,66800
61,66800
3,66810
4,66810
49,66810
53,66810
56,66810
35,66880
47,66880
62,66880
10,66911
43,66911
61,66911
15,66953
43,66953
47,66953
48,66953
62,66953
70,66953
2,66962
43,66962
58,66962
61,66962
59,66971
52,66977
43,66979
61,66979
2,67011
39,67011
58,67011
2,67040
3,67040
4,67040
43,67040
47,67040
48,67040
62,67040
2,67058
5,67058
27,67058
43,67058
47,67114
2,67118
26,67118
43,67118
61,67118
2,67137
3,67137
4,67137
23,67137
43,67137
47,67137
58,67137
61,67137
2,67142
3,67142
4,67142
12,67142
19,67142
43,67142
53,67142
61,67142
62,67142
66,67142
47,67152
62,67152
70,67152
4,77202
53,77202
56,77202
61,77202
25,77248
53,77248
54,77248
70,77248
3,77255
4,77255
53,77255
56,77255
61,77255
3,77259
12,77259
48,77259
58,77259
47,77265
2,77267
58,77267
2,77271
4,77271
39,77271
43,77271
52,77271
56,77271
2,77276
3,77276
5,77276
10,77276
26,77276
28,77276
30,77276
43,77276
51,77276
52,77276
53,77276
61,77276
66,77276
2,77278
3,77278
53,77278
61,77278
2,77297
39,77301
43,77301
47,77301
43,77304
61,77304
43,77306
2,77316
4,77316
2,77320
3,77320
26,77320
30,77320
43,77320
49,77320
53,77320
61,77320
2,77324
43,77324
53,77324
58,77324
61,77324
52,77337
4,77349
48,77349
3,77353
5,77353
12,77353
43,77353
53,77353
56,77353
66,77353
70,77353
4,77354
5,77354
58,77354
39,77371
2,77378
3,77378
4,77378
39,77378
43,77378
56,77378
61,77378
14,77391
43,77391
56,77391
61,77391
70,77391
74,77407
2,77407
3,77407
4,77407
14,77407
35,77407
43,77407
49,77407
53,77407
61,77407
62,77407
39,77413
43,77413
56,77413
4,77424
35,77424
43,77424
47,77424
48,77424
53,77424
2,77431
39,77431
3,77439
26,77439
38,77439
41,77439
43,77439
61,77439
71,77439
2,77441
43,77441
56,77441
61,77441
2,77450
43,77450
47,77450
70,77450
2,77452
47,77452
56,77452
58,77452
2,77454
3,77454
39,77454
43,77454
10,77470
39,77470
43,77470
58,77470
61,77470
2,77474
10,77474
14,77474
35,77474
43,77474
56,77474
61,77474
70,77474
2,77487
43,77487
61,77487
70,77487
47,77495
4,77502
12,77502
39,77502
43,77502
61,77502
43,77505
56,77505
61,77505
10,77521
43,77521
56,77521
58,77521
61,77521
47,77544
62,77544
70,77544
15,77554
35,77554
43,77554
61,77554
70,77554
4,77562
27,77562
40,77562
56,77562
2,77602
43,77602
47,77602
61,77602
66,77602
3,77610
4,77610
12,77610
10,77630
43,77630
43,77636
48,77636
56,77636
61,77636
47,77638
70,77638
47,77639
70,77639
2,77642
40,77642
43,77642
43,77649
2,77650
12,77650
43,77650
53,77650
58,77650
2,77653
43,77653
56,77653
43,77657
53,77657
56,77657
2,77660
43,77660
56,77660
70,77660
56,77663
70,77663
2,77667
43,77667
47,77667
2,77670
4,77670
14,77670
43,77670
61,77670
2,77672
43,77672
4,77675
43,77675
56,77675
61,77675
5,77678
47,77678
51,77678
62,77678
70,77678
47,77684
70,77684
2,77685
43,77685
70,77685
43,77686
58,77686
3,77687
4,77687
43,77687
53,77687
56,77687
66,77687
70,77687
4,77691
16,77691
26,77691
49,77691
53,77691
61,77691
43,77693
18,77695
28,77695
34,77695
4,77697
35,77697
43,77697
53,77697
61,77697
56,77699
70,77699
2,77700
12,77700
14,77700
19,77700
43,77700
47,77700
56,77700
58,77700
61,77700
2,77717
4,77717
43,77717
56,77717
2,77718
5,77718
40,77718
43,77718
47,77718
61,77718
70,77718
2,77724
4,77724
12,77724
43,77724
58,77724
61,77724
2,77726
5,77726
26,77726
43,77726
47,77726
58,77726
61,77726
70,77726
43,77731
56,77731
70,77731
4,77733
6,77733
27,77733
35,77733
43,77733
56,77733
61,77733
56,77741
70,77741
3,77742
56,77742
4,77743
43,77743
48,77743
43,77749
56,77749
58,77749
70,77749
2,77750
4,77750
5,77750
6,77750
15,77750
43,77750
58,77750
61,77750
66,77750
70,77750
35,77752
70,77752
2,77766
5,77766
40,77766
43,77766
61,77766
43,77770
56,77770
8,77781
53,77781
55,77781
56,77781
61,77781
2,77786
3,77786
43,77786
53,77786
61,77786
2,77789
28,77789
47,77789
3,77791
4,77791
8,77791
12,77791
19,77791
26,77791
52,77792
47,77793
3,77803
4,77803
8,77803
9,77803
13,77803
21,77803
30,77803
31,77803
39,77803
45,77803
53,77803
58,77803
66,77803
39,77807
60,77807
2,77808
40,77808
43,77808
47,77808
5,77819
10,77819
15,77819
43,77819
15,77820
47,77820
61,77820
70,77820
70,77823
4,77826
43,77826
56,77826
61,77826
4,77830
56,77830
61,77830
70,77830
4,77840
10,77840
15,77840
35,77840
43,77840
53,77840
56,77840
61,77840
47,77841
70,77841
48,77847
35,77852
43,77852
2,77853
43,77853
39,77861
47,77861
2,77864
3,77864
43,77864
53,77864
56,77864
2,77865
4,77865
43,77865
2,77868
43,77868
58,77868
27,77872
4,77877
47,77877
70,77877
2,77878
4,77878
35,77878
43,77878
70,77878
43,77893
56,77893
2,77895
4,77895
10,77895
16,77895
26,77895
61,77895
43,77896
56,77896
70,77896
3,77904
4,77904
8,77904
12,77904
43,77904
49,77904
56,77904
61,77904
2,77905
40,77905
43,77905
48,77905
2,77917
4,77917
43,77917
58,77917
61,77917
52,77919
3,77923
53,77923
43,77933
56,77933
39,77963
47,77977
2,77995
43,77995
56,77995
2,78006
43,78006
32,78011
43,78011
56,78011
58,78011
61,78011
2,78018
39,78018
40,78018
43,78018
58,78018
2,78031
15,78031
29,78031
35,78031
43,78031
53,78031
58,78031
70,78031
47,78033
63,78033
66,78033
4,78035
11,78035
13,78035
21,78035
53,78035
70,78035
43,78051
47,78051
2,78052
40,78052
43,78052
58,78052
70,78052
2,78054
3,78054
47,78055
10,78058
14,78058
52,78058
53,78058
56,78058
61,78058
2,78079
4,78079
5,78079
26,78079
43,78079
53,78079
61,78079
5,78080
49,78080
53,78080
56,78080
58,78080
61,78080
2,78081
4,78081
12,78081
39,78081
40,78081
43,78081
61,78081
2,78093
4,78093
58,78093
61,78093
3,78099
4,78099
43,78099
48,78099
56,78099
58,78099
2,78103
4,78103
5,78103
8,78103
12,78103
43,78108
51,78108
53,78108
56,78108
61,78108
70,78108
2,78111
4,78111
43,78111
47,78111
58,78111
61,78111
2,78137
40,78137
43,78137
70,78137
43,78147
56,78147
3,78160
47,78160
58,78160
34,78161
3,78162
4,78162
5,78162
43,78162
53,78162
58,78162
62,78162
2,78172
4,78172
43,78172
52,78172
61,78172
4,78175
43,78175
52,78175
3,78176
48,78176
4,78183
10,78183
26,78183
38,78183
49,78183
61,78183
2,78198
43,78198
58,78198
2,78200
10,78200
39,78201
3,78203
8,78203
12,78203
29,78203
30,78203
53,78203
58,78203
4,78207
43,78207
49,78207
61,78207
3,78235
26,78235
51,78235
70,78235
2,78240
4,78240
5,78240
10,78240
26,78240
43,78240
49,78240
53,78240
56,78240
61,78240
56,78246
61,78246
10,78256
4,78276
15,78276
43,78276
46,78276
47,78276
57,78276
63,78276
66,78276
70,78276
43,78282
53,78282
56,78282
70,78282
2,78283
5,78283
10,78283
16,78283
33,78283
40,78283
53,78283
58,78283
61,78283
2,78289
4,78289
10,78289
16,78289
43,78289
53,78289
56,78289
58,78289
2,78296
5,78296
40,78296
43,78296
66,78296
70,78296
4,78311
15,78311
43,78311
48,78311
66,78311
70,78311
2,78314
4,78314
43,78314
56,78314
58,78314
61,78314
47,78324
5,78333
10,78333
12,78333
16,78333
56,78333
62,78333
39,78337
43,78337
53,78337
56,78337
3,78338
4,78338
15,78338
48,78338
62,78338
70,78338
2,78341
8,78341
10,78341
12,78341
29,78341
30,78341
43,78341
47,78341
53,78341
61,78341
2,78342
43,78342
43,78344
47,78344
53,78344
52,78347
3,78348
17,78348
3,78350
4,78350
14,78350
26,78350
43,78350
52,78350
53,78350
56,78350
61,78350
4,78352
39,78352
43,78352
56,78352
61,78352
3,78353
4,78353
28,78353
41,78353
48,78353
53,78353
65,78353
2,78359
43,78359
47,78359
4,78367
43,78367
61,78367
3,78370
53,78370
57,78370
52,78372
63,78380
27,78383
2,78390
4,78390
35,78390
43,78390
47,78390
58,78390
61,78390
2,78391
43,78391
47,78391
53,78391
61,78391
47,78397
47,78407
70,78407
3,78411
4,78411
8,78411
13,78411
14,78411
17,78411
29,78411
30,78411
45,78411
69,78411
39,78426
43,78426
56,78426
2,78429
43,78429
56,78429
58,78429
2,78430
14,78430
43,78430
48,78430
61,78430
2,78432
10,78432
16,78432
43,78432
58,78432
2,78438
3,78438
4,78438
5,78438
12,78438
43,78438
53,78438
57,78438
61,78438
70,78438
4,78439
43,78439
49,78439
53,78439
58,78439
2,78455
4,78455
43,78455
53,78455
56,78455
43,78460
53,78460
2,78472
4,78472
39,78472
40,78472
43,78472
53,78472
61,78472
3,78479
43,78479
70,78479
43,78485
61,78485
4,78488
34,78488
42,78488
53,78488
43,78493
56,78493
58,78493
3,78494
43,78494
53,78494
3,78497
8,78497
12,78497
19,78497
39,78497
43,78497
53,78497
61,78497
53,78513
56,78513
70,78513
2,78514
43,78514
4,78525
5,78525
38,78525
40,78525
52,78525
66,78525
2,78527
3,78527
43,78527
52,78527
53,78527
3,78528
43,78528
53,78528
57,78528
61,78528
62,78528
66,78528
2,78532
4,78532
15,78532
35,78532
43,78532
47,78532
49,78532
61,78532
62,78532
2,78550
43,78550
2,78551
10,78551
52,78551
56,78551
47,78552
2,78564
7,78564
10,78564
12,78564
43,78564
53,78564
57,78564
61,78564
10,78575
43,78575
61,78575
4,78579
40,78579
43,78579
47,78579
61,78579
56,78582
70,78582
15,78587
53,78587
56,78587
61,78587
70,78587
63,78590
15,78605
47,78605
56,78605
66,78605
70,78605
2,78607
43,78607
58,78607
70,78607
39,78608
60,78608
43,78609
56,78609
2,78610
4,78610
5,78610
43,78610
58,78610
66,78610
2,78612
43,78612
2,78617
4,78617
43,78617
53,78617
61,78617
2,78619
4,78619
5,78619
14,78619
43,78619
56,78619
57,78619
66,78619
70,78619
52,78620
2,78629
40,78629
43,78629
10,78641
61,78641
2,78643
39,78643
43,78643
47,78643
70,78643
2,78655
43,78655
56,78655
2,78656
4,78656
26,78656
47,78656
49,78656
62,78656
70,78656
52,78661
2,78695
3,78695
4,78695
10,78695
16,78695
35,78695
43,78695
49,78695
53,78695
56,78695
58,78695
61,78695
62,78695
70,78695
2,78703
5,78703
12,78703
53,78703
66,78703
2,78709
4,78709
43,78709
47,78709
48,78709
58,78709
61,78709
70,78709
2,78710
43,78710
53,78710
61,78710
2,78712
3,78712
53,78712
39,78714
43,78714
4,78722
10,78722
61,78722
39,78730
59,78730
60,78730
4,78732
10,78732
15,78732
40,78732
43,78732
56,78732
61,78732
70,78732
66,78735
56,78737
47,78738
3,78740
4,78740
5,78740
7,78740
8,78740
12,78740
26,78740
47,78740
53,78740
57,78740
61,78740
70,78740
4,78741
43,78741
56,78741
4,78742
15,78742
47,78742
62,78742
66,78742
70,78742
43,78743
2,78744
43,78744
4,78745
47,78745
58,78745
52,78746
3,78747
4,78747
8,78747
15,78747
48,78747
56,78747
70,78747
4,78748
43,78748
47,78748
61,78748
2,78750
4,78750
10,78750
43,78750
56,78750
61,78750
62,78750
70,78750
2,78751
4,78751
43,78751
61,78751
2,78752
47,78752
52,78754
52,78755
2,78757
12,78757
43,78757
49,78757
58,78757
4,78759
14,78759
56,78759
61,78759
66,78759
2,78760
47,78760
2,78761
10,78761
12,78761
43,78761
56,78761
61,78761
62,78761
66,78761
52,78762
43,78763
2,78764
43,78764
15,78765
47,78765
57,78765
62,78765
70,78765
39,78766
52,78767
2,78768
43,78768
47,78768
58,78768
52,78769
2,78770
5,78770
12,78770
15,78770
48,78770
58,78770
62,78770
70,78770
47,78771
70,78771
74,78772
2,78772
4,78772
14,78772
53,78772
61,78772
2,78773
39,78773
43,78773
2,78774
43,78774
53,78774
57,78774
61,78774
62,78774
2,78775
43,78775
58,78775
74,78776
2,78776
43,78776
52,78776
4,78777
10,78777
43,78777
56,78777
61,78777
4,78778
39,78778
43,78778
61,78778
4,78779
43,78779
56,78779
61,78779
70,78779
2,78780
39,78780
43,78780
4,78781
10,78781
40,78781
47,78781
2,78782
4,78782
47,78783
3,78784
12,78784
47,78784
54,78784
62,78784
70,78784
2,78785
4,78785
5,78785
6,78785
10,78785
11,78785
12,78785
15,78785
26,78785
56,78785
61,78785
3,78786
4,78786
43,78786
49,78786
56,78786
61,78786
47,78788
52,78789
52,78790
2,78792
10,78792
43,78792
47,78792
66,78792
70,78792
2,78793
5,78793
43,78793
2,78796
4,78796
22,78796
43,78796
61,78796
62,78796
66,78796
4,78799
8,78799
35,78799
55,78799
4,78812
43,78812
53,78812
61,78812
4,78813
61,78813
47,78831
2,78832
3,78832
4,78832
8,78832
12,78832
33,78832
43,78832
52,78832
53,78832
56,78832
2,78833
43,78833
53,78833
56,78833
2,78834
47,78834
52,78835
4,78836
43,78836
47,78836
56,78836
43,78837
47,78837
52,78837
58,78837
47,78838
3,78839
39,78839
3,79032
4,79032
10,79032
43,79032
53,79032
61,79032
2,79033
4,79033
43,79033
61,79033
3,79034
48,79034
66,79034
56,79035
66,79035
70,79035
2,79036
47,79036
70,79036
56,79042
70,79042
35,79043
43,79043
4,79045
43,79045
52,79048
47,79049
52,79055
2,79057
43,79057
2,79060
39,79060
43,79060
56,79060
70,79060
3,79064
4,79064
53,79064
61,79064
43,79067
55,79067
61,79067
3,79097
48,79097
52,79098
52,79102
52,79107
43,79109
53,79109
56,79109
70,79109
1,79110
20,79110
22,79110
34,79110
47,79111
70,79111
2,79115
4,79115
43,79115
56,79115
61,79115
70,79115
53,79120
56,79120
61,79120
62,79120
4,79121
5,79121
8,79121
12,79121
15,79121
19,79121
40,79121
56,79121
57,79121
62,79121
66,79121
70,79121
2,79124
43,79124
2,79125
3,79125
12,79125
16,79125
40,79125
53,79125
66,79125
40,79126
52,79127
2,79128
43,79128
56,79128
61,79128
56,79129
70,79129
4,79131
43,79131
53,79131
56,79131
61,79131
70,79131
43,79179
56,79179
58,79179
2,79183
47,79183
52,79195
3,79196
4,79196
43,79198
56,79198
49,79199
53,79199
56,79199
58,79199
43,79204
56,79204
4,79206
14,79206
43,79206
47,79206
61,79206
52,79207
3,79210
6,79210
15,79210
48,79210
51,79210
66,79210
70,79210
2,79213
4,79213
8,79213
12,79213
40,79213
43,79213
53,79213
58,79213
66,79213
70,79213
3,79223
40,79223
48,79223
56,79223
66,79223
2,79228
43,79228
58,79228
4,79231
39,79231
70,79231
3,79232
4,79232
12,79232
14,79232
43,79232
49,79232
53,79232
56,79232
57,79232
66,79232
70,79232
47,79233
70,79233
52,79234
47,79235
39,79243
43,79243
56,79243
58,79243
47,79256
2,79257
4,79257
43,79257
53,79257
61,79257
9,79259
39,79259
53,79259
56,79259
70,79259
3,79263
28,79263
53,79263
56,79263
52,79281
2,79282
4,79282
43,79282
53,79282
61,79282
2,79285
3,79285
40,79285
43,79285
58,79285
10,79301
43,79301
56,79301
2,79302
4,79302
43,79302
53,79302
74,79308
4,79308
43,79308
47,79308
47,79309
3,79317
4,79317
5,79317
43,79317
47,79317
52,79317
53,79317
54,79317
58,79317
61,79317
4,79323
5,79323
40,79323
53,79323
70,79323
2,79326
4,79326
43,79326
2,79327
3,79327
43,79327
58,79327
47,79329
2,79339
4,79339
10,79339
12,79339
14,79339
43,79339
49,79339
61,79339
70,79339
1,79340
2,79340
4,79340
26,79340
43,79340
53,79340
58,79340
61,79340
2,79345
43,79345
47,79345
46,79346
47,79346
5,79347
10,79347
16,79347
26,79347
2,79358
43,79358
47,79358
58,79358
40,79359
43,79359
4,79362
10,79362
43,79362
61,79362
2,79363
3,79363
5,79363
43,79363
53,79363
47,79365
70,79365
3,79397
43,79397
53,79397
56,79397
47,79404
3,79407
28,79407
67,79407
3,79414
12,79414
25,79414
40,79414
48,79414
56,79414
66,79414
70,79414
2,79423
43,79423
56,79423
70,79423
2,79429
40,79429
52,79429
58,79429
52,79430
2,79436
3,79436
5,79436
2,79437
43,79437
47,79437
49,79437
61,79437
3,79446
5,79446
6,79446
62,79446
66,79446
70,79446
40,79447
47,79447
52,79447
47,79449
52,79449
70,79449
52,79455
2,79456
4,79456
39,79456
43,79456
56,79456
61,79456
47,79457
52,79457
27,79458
46,79458
5,79460
16,79460
43,79460
49,79460
52,79460
56,79460
61,79460
66,79460
66,79467
70,79467
3,79484
48,79484
53,79484
2,79486
4,79486
43,79486
53,79486
61,79486
5,79493
9,79493
53,79493
56,79493
58,79493
70,79493
3,79494
48,79494
62,79494
70,79494
4,79495
43,79495
47,79495
61,79495
4,79497
10,79497
43,79497
52,79502
52,79504
2,79505
12,79505
43,79505
70,79505
52,79510
4,79520
43,79520
56,79520
61,79520
2,79524
4,79524
8,79524
12,79524
43,79524
56,79524
4,79536
39,79536
43,79536
48,79536
53,79536
56,79536
4,79541
47,79541
61,79541
70,79541
43,79543
52,79543
56,79543
40,79547
43,79547
61,79547
2,79555
43,79555
2,79559
43,79559
53,79559
58,79559
61,79559
4,79563
14,79563
15,79563
19,79563
47,79563
62,79563
70,79563
2,79564
3,79564
4,79564
5,79564
12,79564
43,79564
53,79564
47,79565
58,79565
5,79567
40,79567
43,79567
47,79567
48,79567
53,79567
61,79567
66,79567
70,79567
47,79568
2,79572
4,79572
43,79572
53,79572
56,79572
70,79572
2,79574
4,79574
43,79574
56,79574
61,79574
70,79574
2,79580
3,79580
43,79580
3,79589
4,79589
11,79589
43,79589
53,79589
56,79589
61,79589
2,79595
4,79595
5,79595
40,79595
43,79595
53,79595
56,79595
62,79595
66,79595
70,79595
2,79599
4,79599
5,79599
6,79599
10,79599
12,79599
43,79599
47,79599
53,79599
61,79599
66,79599
43,79600
43,79605
47,79605
61,79605
47,79607
52,79608
3,79609
4,79609
8,79609
11,79609
13,79609
21,79609
31,79609
53,79609
55,79609
61,79609
69,79609
56,79619
60,79619
2,79620
10,79620
39,79620
43,79620
56,79620
60,79620
52,79621
52,79627
47,79636
39,79640
61,79640
52,79645
47,79651
47,79671
2,79692
8,79692
12,79692
26,79692
66,79692
2,79697
10,79697
40,79697
70,79697
2,79701
43,79701
56,79701
70,79701
2,79712
2,79713
3,79713
4,79713
43,79713
48,79713
61,79713
70,79713
2,79717
4,79717
43,79717
47,79719
4,79720
48,79720
56,79720
70,79720
2,79723
43,79723
58,79723
3,79724
4,79724
49,79724
61,79724
52,79729
3,79739
4,79739
53,79739
69,79739
47,79742
70,79742
53,79743
56,79743
58,79743
62,79743
70,79743
2,79748
3,79748
4,79748
43,79748
70,79748
3,79749
43,79749
56,79749
52,79751
2,79755
4,79755
10,79755
16,79755
49,79755
56,79755
61,79755
10,79776
43,79776
53,79776
47,79798
70,79798
2,79811
4,79811
43,79811
47,79811
70,79811
2,79814
43,79814
66,79814
2,79818
4,79818
40,79818
43,79818
10,79823
43,79823
56,79823
58,79823
61,79823
66,79823
70,79823
52,79824
47,79825
2,79831
4,79831
17,79831
40,79831
66,79831
27,79833
46,79833
47,79833
4,79840
56,79840
61,79840
2,79846
4,79846
10,79846
43,79846
56,79846
61,79846
4,79852
40,79852
43,79852
49,79852
56,79852
66,79852
70,79852
2,79854
43,79854
39,79858
60,79858
70,79858
47,79859
43,79860
56,79860
2,79863
43,79863
10,79864
53,79864
56,79864
57,79864
61,79864
70,79864
3,79866
4,79866
47,79866
58,79866
2,79870
40,79870
53,79870
56,79870
57,79870
58,79870
61,79870
70,79870
4,79885
43,79885
47,79885
61,79885
2,79889
52,79890
43,79894
56,79894
61,79894
2,79903
43,79903
56,79903
61,79903
47,79907
43,79909
58,79909
61,79909
4,79911
43,79911
47,79911
52,79911
56,79911
2,79924
3,79924
43,79924
67,79924
70,79924
2,79947
43,79947
53,79947
58,79947
61,79947
2,79949
4,79949
12,79949
28,79949
43,79949
53,79949
2,79953
4,79953
43,79953
56,79953
61,79953
10,79956
2,79961
5,79961
40,79961
43,79961
58,79961
66,79961
70,79961
3,79963
4,79963
43,79963
53,79963
3,79966
4,79966
43,79966
53,79966
56,79966
66,79966
70,79966
43,79968
49,79968
56,79968
61,79968
4,79970
47,79970
2,79971
3,79971
53,79971
56,79971
70,79971
2,79973
43,79973
58,79973
4,79976
61,79976
2,79977
4,79977
43,79977
61,79977
2,79982
43,79982
61,79982
2,79983
5,79983
40,79983
58,79983
61,79983
70,79983
47,79989
2,79992
4,79992
5,79992
61,79992
47,79996
70,79996
53,79997
61,79997
43,79999
56,79999
58,79999
52,80002
2,80005
40,80005
43,80005
56,80005
2,80006
4,80006
10,80006
43,80006
56,80006
61,80006
47,80011
52,80011
2,80019
43,80019
61,80019
47,80035
70,80035
5,80037
12,80037
43,80037
47,80037
66,80037
70,80037
3,80042
4,80042
12,80042
53,80042
58,80042
2,80046
5,80046
8,80046
12,80046
26,80046
43,80046
53,80046
58,80046
2,80050
3,80050
43,80050
53,80050
2,80064
4,80064
5,80064
43,80064
56,80064
61,80064
47,80073
2,80074
4,80074
15,80074
43,80074
2,80075
5,80075
56,80075
66,80075
2,80076
4,80076
43,80076
61,80076
26,80077
43,80077
61,80077
15,80079
43,80079
63,80079
66,80079
10,80080
43,80080
49,80080
53,80080
56,80080
58,80080
62,80080
2,80081
56,80081
58,80081
52,80083
4,80086
10,80086
43,80086
53,80086
56,80086
58,80086
2,80087
4,80087
43,80087
47,80087
56,80087
61,80087
52,80089
2,80096
4,80096
5,80096
43,80096
53,80096
61,80096
4,80099
56,80099
58,80099
2,80105
3,80105
4,80105
5,80105
12,80105
16,80105
26,80105
33,80105
43,80105
49,80105
53,80105
56,80105
57,80105
58,80105
61,80105
66,80105
2,80106
4,80106
2,80116
4,80116
43,80116
53,80116
3,80124
4,80124
17,80124
53,80124
61,80124
4,80150
16,80150
37,80150
43,80150
49,80150
53,80150
56,80150
61,80150
2,80156
4,80156
5,80156
12,80156
40,80156
43,80156
58,80156
61,80156
2,80164
3,80164
12,80164
47,80168
57,80168
70,80168
43,80171
53,80171
10,80175
43,80175
2,80176
5,80176
14,80176
15,80176
40,80176
43,80176
61,80176
70,80176
52,80203
2,80218
5,80218
47,80218
66,80218
70,80218
2,80221
4,80221
39,80221
43,80221
53,80221
61,80221
66,80221
2,80227
56,80227
70,80227
43,80233
53,80233
56,80233
2,80237
4,80237
47,80237
70,80237
3,80238
4,80238
12,80238
40,80238
43,80238
48,80238
53,80238
58,80238
43,80252
56,80252
58,80252
39,80258
60,80258
39,80261
43,80261
56,80272
61,80272
66,80272
70,80272
8,80273
12,80273
40,80273
53,80273
57,80273
66,80273
70,80273
2,80285
4,80285
43,80285
70,80285
2,80294
3,80294
4,80294
5,80294
14,80294
43,80294
47,80294
48,80294
53,80294
2,80298
26,80298
40,80298
43,80298
58,80298
61,80298
47,80301
47,80302
70,80302
4,80307
8,80307
10,80307
43,80307
48,80307
56,80307
61,80307
62,80307
70,80307
2,80310
40,80310
53,80310
57,80310
58,80310
66,80310
70,80310
2,80311
4,80311
15,80311
43,80311
62,80311
66,80311
70,80311
4,80314
43,80314
56,80314
61,80314
70,80314
2,80317
4,80317
5,80317
12,80317
15,80317
43,80317
47,80317
56,80317
61,80317
62,80317
4,80328
47,80328
56,80328
22,80338
34,80338
2,80339
43,80339
10,80348
15,80348
56,80348
2,80349
3,80349
5,80349
43,80349
57,80349
58,80349
2,80351
2,80358
10,80358
43,80358
61,80358
2,80359
4,80359
39,80359
43,80359
53,80359
56,80359
61,80359
53,80361
66,80361
70,80361
4,80365
43,80365
58,80365
61,80365
2,80367
43,80367
56,80367
66,80367
70,80367
2,80368
4,80368
40,80368
43,80368
58,80368
61,80368
3,80369
43,80369
48,80369
56,80369
15,80373
43,80373
47,80373
70,80373
12,80380
39,80380
40,80380
43,80380
53,80380
56,80380
61,80380
70,80380
4,80383
43,80383
56,80383
70,80383
2,80386
3,80386
10,80386
12,80386
39,80386
43,80386
49,80386
53,80386
61,80386
2,80390
43,80390
56,80390
58,80390
10,80393
39,80393
56,80393
58,80393
47,80395
70,80395
2,80398
4,80398
43,80398
53,80398
56,80398
62,80398
70,80398
8,80402
12,80402
19,80402
53,80402
61,80402
4,80406
26,80406
40,80406
43,80406
56,80406
58,80406
61,80406
3,80415
4,80415
43,80415
56,80415
54,80417
57,80417
70,80417
47,80418
66,80418
70,80418
2,80419
43,80419
47,80419
63,80419
3,80423
12,80423
53,80423
47,80426
66,80426
2,80428
4,80428
43,80428
61,80428
3,80434
53,80434
47,80440
70,80440
2,80441
4,80441
43,80441
58,80441
43,80444
47,80445
70,80445
4,80446
10,80446
43,80446
53,80446
61,80446
47,80450
2,80452
43,80452
70,80452
2,80458
43,80458
56,80458
3,80468
55,80468
64,80468
47,80470
70,80470
47,80471
3,80472
4,80472
43,80472
48,80472
53,80472
58,80472
61,80472
47,80475
70,80475
14,80478
47,80478
63,80478
70,80478
2,80481
43,80481
2,80483
3,80483
15,80483
43,80483
53,80483
70,80483
2,80488
3,80488
27,80488
52,80489
2,80490
3,80490
6,80490
43,80490
53,80490
56,80490
57,80490
66,80490
70,80490
2,80491
4,80491
43,80491
49,80491
53,80491
61,80491
5,80492
15,80492
47,80492
47,80500
56,80500
70,80500
2,80505
4,80505
43,80505
61,80505
2,80506
10,80506
43,80506
53,80506
61,80506
3,80512
43,80512
54,80512
56,80512
70,80512
47,80516
2,80520
43,80520
61,80520
2,80528
4,80528
43,80528
52,80528
53,80528
61,80528
3,80536
43,80536
53,80536
61,80536
4,80539
43,80539
61,80539
70,80539
2,80540
4,80540
40,80540
43,80540
66,80540
70,80540
2,80547
12,80547
43,80547
53,80547
47,80549
2,80553
43,80553
47,80553
47,80554
43,80558
61,80558
70,80558
4,80561
5,80561
15,80561
47,80561
57,80561
62,80561
70,80561
2,80565
4,80565
47,80565
61,80565
2,80567
4,80567
10,80567
43,80567
56,80567
61,80567
70,80567
2,80581
4,80581
5,80581
14,80581
43,80581
61,80581
70,80581
2,80589
3,80589
10,80589
12,80589
14,80589
52,80589
53,80589
57,80589
66,80589
70,80589
4,80592
14,80592
43,80592
47,80592
56,80592
61,80592
70,80592
53,80593
66,80593
70,80593
39,80595
47,80597
57,80597
70,80597
2,80606
4,80606
43,80606
47,80606
3,80610
4,80610
43,80610
53,80610
56,80610
58,80610
61,80610
70,80610
47,80623
4,80627
10,80627
43,80627
52,80627
53,80627
56,80627
61,80627
3,80630
4,80630
11,80630
15,80630
51,80630
52,80630
53,80630
68,80630
69,80630
2,80633
43,80633
56,80633
4,80635
47,80635
2,80646
4,80646
5,80646
58,80646
70,80647
2,80648
4,80648
12,80648
43,80648
48,80648
58,80648
61,80648
2,80651
4,80651
10,80651
56,80651
61,80651
74,80653
2,80653
2,80656
39,80656
43,80656
52,80656
2,80657
3,80657
43,80657
56,80657
61,80657
47,80662
63,80662
2,80671
4,80671
8,80671
12,80671
53,80671
58,80671
62,80671
65,80671
43,80672
53,80672
56,80672
61,80672
70,80672
2,80676
47,80676
2,80685
4,80685
5,80685
39,80685
40,80685
43,80685
61,80685
66,80685
70,80685
43,80688
53,80688
56,80688
3,80689
12,80689
53,80689
4,80691
43,80691
52,80702
47,80703
70,80703
2,80720
5,80720
14,80720
47,80720
70,80720
4,80727
15,80727
47,80727
62,80727
70,80727
3,80739
4,80739
56,80739
66,80739
2,80741
4,80741
5,80741
8,80741
10,80741
12,80741
43,80741
47,80741
61,80741
70,80741
4,80749
47,80749
56,80749
47,80756
4,80763
17,80763
29,80763
39,80763
52,80763
53,80763
69,80763
8,80772
10,80772
12,80772
15,80772
43,80772
49,80772
53,80772
56,80772
61,80772
62,80772
66,80772
2,80781
5,80781
15,80781
61,80781
66,80781
4,80795
2,80797
5,80797
40,80797
57,80797
58,80797
70,80797
2,80800
39,80800
43,80800
47,80803
2,80813
43,80813
47,80813
61,80813
47,80816
2,80818
4,80818
43,80818
56,80818
61,80818
2,80820
4,80820
53,80820
61,80820
47,80836
2,80838
3,80838
9,80838
43,80838
53,80838
58,80838
62,80838
47,80879
2,80885
43,80885
61,80885
3,80899
4,80899
10,80899
14,80899
26,80899
38,80899
43,80899
52,80899
53,80899
56,80899
61,80899
71,80899
72,80899
4,80916
53,80916
3,80917
4,80917
53,80917
10,80920
43,80920
2,80923
58,80923
43,80931
56,80931
66,80931
3,80940
53,80940
56,80940
70,80940
2,80942
43,80942
58,80942
2,80945
43,80945
58,80945
2,80952
4,80952
43,80952
49,80952
61,80952
3,80954
4,80954
49,80954
2,80959
4,80959
19,80959
43,80959
45,80959
55,80959
58,80959
61,80959
69,80959
2,80961
43,80961
47,80961
53,80961
61,80961
2,80966
4,80966
5,80966
43,80966
58,80966
70,80966
47,80978
2,80979
4,80979
43,80979
61,80979
52,80980
2,80993
5,80993
12,80993
15,80993
43,80993
53,80993
56,80993
57,80993
61,80993
62,80993
66,80993
3,80998
53,80998
56,80998
70,80998
2,81004
4,81004
5,81004
8,81004
13,81004
21,81004
30,81004
43,81004
55,81004
52,81018
2,81019
4,81019
38,81019
2,81021
43,81021
56,81021
66,81021
2,81027
4,81027
8,81027
10,81027
12,81027
19,81027
28,81027
43,81027
49,81027
65,81027
2,81042
4,81042
43,81042
52,81042
53,81042
52,81058
2,81064
3,81064
43,81064
48,81064
53,81064
56,81064
52,81066
3,81069
4,81069
47,81069
70,81069
4,81079
43,81079
59,81079
61,81079
40,81085
43,81085
58,81085
2,81086
10,81086
43,81086
47,81108
70,81108
2,81113
4,81113
47,81113
53,81113
54,81113
4,81114
40,81114
3,81120
4,81120
12,81120
43,81120
47,81120
53,81120
56,81120
61,81120
3,81124
4,81124
15,81124
56,81124
62,81124
70,81124
2,81126
56,81126
58,81126
66,81126
70,81126
10,81130
52,81135
4,81138
39,81138
56,81138
61,81138
2,81139
43,81139
49,81139
53,81139
61,81139
2,81140
4,81140
43,81140
47,81140
61,81140
2,81145
4,81145
5,81145
10,81145
15,81145
16,81145
26,81145
43,81145
49,81145
53,81145
56,81145
61,81145
62,81145
65,81145
47,81153
4,81159
2,81161
4,81161
39,81161
61,81161
2,81162
40,81162
43,81162
53,81162
2,81169
43,81169
58,81169
61,81169
2,81171
12,81171
40,81171
43,81171
58,81171
61,81171
66,81171
3,81172
53,81172
64,81172
47,81177
2,81195
4,81195
47,81195
58,81195
61,81195
66,81195
2,81198
10,81198
43,81198
3,81201
4,81201
43,81201
53,81201
56,81201
61,81201
4,81205
10,81205
16,81205
53,81205
56,81205
61,81205
2,81221
43,81221
47,81221
9,81239
14,81239
33,81239
43,81239
53,81239
56,81239
70,81239
39,81244
43,81244
56,81244
70,81244
2,81245
43,81245
53,81245
61,81245
2,81257
40,81257
43,81257
56,81257
47,81263
47,81266
47,81286
70,81286
56,81297
10,81299
56,81299
4,81306
47,81320
62,81320
70,81320
4,81322
43,81322
56,81322
57,81322
70,81322
3,81327
4,81327
53,81327
4,81328
47,81328
57,81328
70,81328
52,81339
2,81345
4,81345
43,81345
58,81345
47,81347
70,81347
2,81349
4,81349
10,81349
47,81349
52,81354
2,81365
3,81365
4,81365
22,81365
26,81365
43,81365
48,81365
61,81365
71,81365
4,81366
9,81366
10,81366
16,81366
33,81366
43,81366
53,81366
2,81396
3,81396
43,81396
56,81396
2,81402
3,81402
4,81402
6,81402
10,81402
43,81402
49,81402
53,81402
61,81402
2,81413
43,81413
3,81426
4,81426
48,81426
53,81426
2,81476
4,81498
14,81498
40,81498
43,81498
56,81498
61,81498
47,81522
3,81527
4,81527
53,81527
56,81527
43,81543
47,81543
4,81548
47,81621
4,81623
49,81623
56,81623
58,81623
2,81624
10,81624
43,81624
56,81624
4,81653
10,81653
43,81653
53,81653
56,81653
61,81653
4,81673
14,81673
48,81673
56,81673
66,81673
70,81673
40,81696
47,81696
58,81696
61,81696
47,81705
3,81706
43,81706
53,81706
56,81706
61,81706
52,81724
4,81727
43,81727
47,81727
61,81727
2,81732
4,81732
43,81732
47,81732
2,81737
4,81737
43,81737
58,81737
61,81737
3,81929
4,81929
14,81929
43,81929
56,81929
2,81937
4,81937
58,81937
2,81945
4,81945
33,81945
43,81945
53,81945
56,81945
61,81945
2,81962
43,81962
53,81962
61,81962
62,81962
66,81962
2,82279
3,82455
4,82455
53,82455
3,82458
43,82458
53,82458
56,82458
4,82509
40,82509
43,82509
53,82509
56,82509
61,82509
67,82509
2,82568
15,82568
40,82568
43,82568
70,82568
10,82805
43,82805
56,82805
39,83193
43,83193
61,83193
70,83193
3,83220
4,83220
43,83220
53,83220
58,83220
2,83248
4,83248
43,83248
61,83248
2,83896
4,83896
14,83896
39,83896
43,83896
53,83896
62,83896
66,83896
2,84201
39,84201
53,84201
58,84201
10,84399
53,84399
61,84399
2,84792
10,84792
43,84792
4,84857
43,84857
49,84857
56,84857
52,85145
2,85239
4,85239
10,85239
53,85239
61,85239
3,85480
4,85480
8,85480
14,85480
15,85480
40,85480
51,85480
53,85480
62,85480
70,85480
2,85981
4,85981
10,85981
43,85981
61,85981
3,86514
4,86514
14,86514
15,86514
19,86514
48,86514
53,86514
61,86514
62,86514
69,86514
70,86514
52,86549
