id_ocorrencia,descricao
ADRM,AERÓDROMO
AMAN,MANOBRA ABRUPTA
ARC-1,POUSO SEM TREM
ARC-2,POUSO BRUSCO
ARC-3,CONTATO ANORMAL COM A PISTA
ATM/CNS,GERENCIAMENTO DE TRÁFEGO AÉREO (ATM) / SERVIÇO DE COMUNICAÇÃO NAVEGAÇÃO OU VIGILÂNCIA (CNS)
BIRD,COLISÃO COM AVE
CABIN,SEGURANÇA NA CABINE
CFIT,VOO CONTROLADO CONTRA O TERRENO
CTOL,COLISÃO COM OBSTÁCULO DURANTE A DECOLAGEM E POUSO
EVAC,EVACUAÇÃO
EXCLUIR,COLISÃO EM VOO COM OBSTÁCULO
EXTL,COM CARGAS EXTERNAS
F-NI-1,FOGO EM VOO
F-NI-2,FOGO NO SOLO
F-NI-3,FUMAÇA NA CABINE
F-NI-4,FOGO/FUMAÇA (SEM IMPACTO)
F-POST,FOGO/FUMAÇA (PÓS-IMPACTO)
FUEL,PANE SECA / COMBUSTÍVEL
GCOL,COLISÃO NO SOLO
GCOL-A,COLISÃO COM AERONAVE NO SOLO
GCOL-O,COLISÃO COM OBSTÁCULOS NO SOLO
GTOW,REBOQUE DE PLANADOR
ICE,FORMAÇÃO DE GELO
LALT,OPERAÇÃO A BAIXA ALTITUDE
LOC-G,PERDA DE CONTROLE NO SOLO
LOC-I,PERDA DE CONTROLE EM VOO
LOLI,PERDA DE CONDIÇÕES DE SUSTENTAÇÃO EM ROTA
MAC-1,TRÁFEGO AÉREO
MAC-2,COLISÃO DE AERONAVES EM VOO
MAC-3,PERDA DE SEPARAÇÃO/COLISÃO EM VOO
OTHR-1,OUTROS
OTHR-11,F.O.D.
OTHR-12,HIPÓXIA
OTHR-13,POUSO EM LOCAL NÃO PREVISTO
OTHR-14,SOPRO DE REATOR
OTHR-15,SOPRO DE ROTOR
OTHR-16,VAZAMENTO DE OUTROS FLUIDOS
OTHR-2,AERONAVE ATINGIDA POR OBJETO
OTHR-3,CAUSADO POR FENÔMENO METEOROLÓGICO EM VOO
OTHR-4,CAUSADO POR RICOCHETE
OTHR-5,COLISÃO DE VEÍCULO COM AERONAVE
OTHR-6,COM LANÇAMENTO DE CARGA
OTHR-7,COM PESSOAL EM VOO
OTHR-8,COM TRANSPORTE DE CARGA
OTHR-9,CORTE INVOLUNTÁRIO DO MOTOR
OTHR-10,DESORIENTAÇÃO ESPACIAL
[RAMP],OPERAÇÕES NO SOLO
RE-1,POUSO LONGO
RE-2,EXCURSÃO DE PISTA
RI,INCURSÃO EM PISTA
SCF-NP-1,FALHA OU MAU FUNCIONAMENTO DE SISTEMA/COMPONENTE
SCF-NP-10,COM COMANDOS DE VOO
SCF-NP-11,COM CANOPI
SCF-NP-2,FALHA ESTRUTURAL
SCF-NP-3,COM TREM DE POUSO
SCF-NP-4,ESTOURO DE PNEU
SCF-NP-5,DESCOMPRESSÃO NÃO INTENCIONAL / EXPLOSIVA
SCF-NP-6,ALARME FALSO DE FOGO OU DE SUPERAQUECIMENTO
SCF-NP-7,PERDA DE COMPONENTE NO SOLO
SCF-NP-8,COM PARA-BRISAS/JANELA/PORTA
SCF-NP-9,VAZAMENTO DE COMBUSTÍVEL
SCF-PP-1,FALHA DO MOTOR EM VOO
SCF-PP-2,FALHA OU MAU FUNCIONAMENTO DO MOTOR
SCF-PP-3,COM HÉLICE
SCF-PP-4,COM ROTOR
SCF-PP-5,SUPERAQUECIMENTO
SCF-PP-6,FALHA DO MOTOR NO SOLO
SEC,RELACIONADO COM SECURITY
TURB,TURBULÊNCIA
UIMC,IMC NÃO INTENCIONAL
UNK,INDETERMINADO
USOS-1,POUSO ANTES DA PISTA
USOS-2,POUSO AQUÉM/ALÉM DA PISTA
WILD,COLISÃO COM FAUNA
WSTRW,CORTANTE DE VENTO / TEMPESTADE
SCF-NP-12,PERDA DE COMPONENTE EM VOO
OTHR-17,PROBLEMAS FISIOLÓGICOS
OTHR-18,CAUSADO POR FENÔMENO METEOROLÓGICO NO SOLO
OTHR-19,COLISÃO EM VOO COM OBJETO REBOCADO
OTHR-20,COM LANÇAMENTO DE PESSOAS
OTHR-21,PERDA DA CONSCIÊNCIA
SCF-NP-13,EXPLOSÃO
